[2026-01-14 21:51:49,586] INFO product: Converted product ID 57 to instance
[2026-01-14 21:51:49,586] INFO product: Creating variant for product 57, variant_type: stockLenses
[2026-01-14 21:51:49,586] INFO product: Using model class: StokLensVariant
[2026-01-14 21:51:49,586] INFO product: M2M fields for StokLensVariant: ['lens_coatings']
[2026-01-14 21:51:49,586] INFO product: Extracted M2M field: lens_coatings = [182, 190]
[2026-01-14 21:51:49,586] INFO product: ForeignKey fields for StokLensVariant: ['product', 'product_type', 'warranty', 'weight', 'dimensions', 'productvariant_ptr', 'lens_diameter', 'lens_color', 'lens_material']
[2026-01-14 21:51:49,589] INFO product: 📋 validated_data before conversion: {'product': <Product: Ziess 3019>, 'spherical': '-01.00', 'cylinder': '-00.50', 'lens_diameter': 112, 'lens_color': 210, 'lens_material': 5, 'is_active': True, 'sku': '395004599', 'product_type': 209, 'warranty': 170, 'weight': 193, 'dimensions': 171, 'last_purchase_price': '250', 'selling_price': '600', 'discount_percentage': '10'}
[2026-01-14 21:51:49,589] INFO product:   Processing: product=Ziess 3019 (type: Product)
[2026-01-14 21:51:49,589] INFO product:   ➡️  Kept as-is: product=Ziess 3019
[2026-01-14 21:51:49,589] INFO product:   Processing: spherical=-01.00 (type: str)
[2026-01-14 21:51:49,589] INFO product:   ➡️  Kept as-is: spherical=-01.00
[2026-01-14 21:51:49,589] INFO product:   Processing: cylinder=-00.50 (type: str)
[2026-01-14 21:51:49,590] INFO product:   ➡️  Kept as-is: cylinder=-00.50
[2026-01-14 21:51:49,590] INFO product:   Processing: lens_diameter=112 (type: int)
[2026-01-14 21:51:49,596] INFO product:   ✅ Converted FK: lens_diameter=112 → Diameter: 60
[2026-01-14 21:51:49,596] INFO product:   Processing: lens_color=210 (type: int)
[2026-01-14 21:51:49,599] INFO product:   ✅ Converted FK: lens_color=210 → Color: Clear
[2026-01-14 21:51:49,599] INFO product:   Processing: lens_material=5 (type: int)
[2026-01-14 21:51:49,603] INFO product:   ✅ Converted FK: lens_material=5 → Material: Plastic
[2026-01-14 21:51:49,603] INFO product:   Processing: is_active=True (type: bool)
[2026-01-14 21:51:49,603] INFO product:   ➡️  Kept as-is: is_active=True
[2026-01-14 21:51:49,604] INFO product:   Processing: sku=395004599 (type: str)
[2026-01-14 21:51:49,604] INFO product:   ➡️  Kept as-is: sku=395004599
[2026-01-14 21:51:49,604] INFO product:   Processing: product_type=209 (type: int)
[2026-01-14 21:51:49,608] INFO product:   ✅ Converted FK: product_type=209 → Product Type: SL-Stock
[2026-01-14 21:51:49,608] INFO product:   Processing: warranty=170 (type: int)
[2026-01-14 21:51:49,612] INFO product:   ✅ Converted FK: warranty=170 → Warranty: Warranty 1 Year
[2026-01-14 21:51:49,613] INFO product:   Processing: weight=193 (type: int)
[2026-01-14 21:51:49,617] INFO product:   ✅ Converted FK: weight=193 → Weight: 100g
[2026-01-14 21:51:49,617] INFO product:   Processing: dimensions=171 (type: int)
[2026-01-14 21:51:49,621] INFO product:   ✅ Converted FK: dimensions=171 → Dimensions: Dimensions 30MM-140MM-150MM
[2026-01-14 21:51:49,621] INFO product:   Processing: last_purchase_price=250 (type: str)
[2026-01-14 21:51:49,621] INFO product:   ➡️  Kept as-is: last_purchase_price=250
[2026-01-14 21:51:49,621] INFO product:   Processing: selling_price=600 (type: str)
[2026-01-14 21:51:49,621] INFO product:   ➡️  Kept as-is: selling_price=600
[2026-01-14 21:51:49,621] INFO product:   Processing: discount_percentage=10 (type: str)
[2026-01-14 21:51:49,621] INFO product:   ➡️  Kept as-is: discount_percentage=10
[2026-01-14 21:51:49,621] INFO product: Creating StokLensVariant with data: dict_keys(['product', 'spherical', 'cylinder', 'lens_diameter', 'lens_color', 'lens_material', 'is_active', 'sku', 'product_type', 'warranty', 'weight', 'dimensions', 'last_purchase_price', 'selling_price', 'discount_percentage'])
[2026-01-14 21:51:49,622] INFO product: Full create_data: {'product': <Product: Ziess 3019>, 'spherical': '-01.00', 'cylinder': '-00.50', 'lens_diameter': <AttributeValue: Diameter: 60>, 'lens_color': <AttributeValue: Color: Clear>, 'lens_material': <AttributeValue: Material: Plastic>, 'is_active': True, 'sku': '395004599', 'product_type': <AttributeValue: Product Type: SL-Stock>, 'warranty': <AttributeValue: Warranty: Warranty 1 Year>, 'weight': <AttributeValue: Weight: 100g>, 'dimensions': <AttributeValue: Dimensions: Dimensions 30MM-140MM-150MM>, 'last_purchase_price': '250', 'selling_price': '600', 'discount_percentage': '10'}
[2026-01-14 21:51:49,675] INFO product: Created variant with ID: 29
[2026-01-14 21:51:49,692] INFO product: Set M2M field lens_coatings = [182, 190]
[2026-01-14 21:51:49,771] INFO product: ✅ Updated description: Ziess 3019 | SPH: -01.00 - CYL: -00.50 | Diameter: 60 - Material: Plastic - Color: Clear - Coatings: MC Green, Coatings: UV
[2026-01-14 21:57:31,606] INFO product: 📦 ProductSerializer.create called with validated_data keys: dict_keys(['categories', 'variants', 'is_active', 'model', 'type', 'name', 'variant_type', 'brand'])
[2026-01-14 21:57:31,607] INFO product: 📦 variants in validated_data: [{'spherical': '-01.00', 'cylinder': '', 'axis': '', 'addition': '', 'lens_water_content': 163, 'replacement_schedule': 165, 'units': 204, 'expiration_date': '', 'lens_diameter': 127, 'lens_color': 18, 'lens_material': 211, 'lens_coatings': [191], 'is_active': True, 'sku': '11911913', 'product_type': 160, 'warranty': 170, 'weight': 193, 'dimensions': 171, 'last_purchase_price': '100', 'selling_price': '160', 'discount_percentage': '10', 'attributes': [], 'id': ''}]
[2026-01-14 21:57:31,607] INFO product: 📦 variants_data after pop: [{'spherical': '-01.00', 'cylinder': '', 'axis': '', 'addition': '', 'lens_water_content': 163, 'replacement_schedule': 165, 'units': 204, 'expiration_date': '', 'lens_diameter': 127, 'lens_color': 18, 'lens_material': 211, 'lens_coatings': [191], 'is_active': True, 'sku': '11911913', 'product_type': 160, 'warranty': 170, 'weight': 193, 'dimensions': 171, 'last_purchase_price': '100', 'selling_price': '160', 'discount_percentage': '10', 'attributes': [], 'id': ''}]
[2026-01-14 21:57:31,618] INFO product: ✅ Product created: 58 - Gray
[2026-01-14 21:57:31,651] INFO product: 🔍 _manage_variants called for product 58 (Gray)
[2026-01-14 21:57:31,652] INFO product: 📋 variants_data received: [{'spherical': '-01.00', 'cylinder': '', 'axis': '', 'addition': '', 'lens_water_content': 163, 'replacement_schedule': 165, 'units': 204, 'expiration_date': '', 'lens_diameter': 127, 'lens_color': 18, 'lens_material': 211, 'lens_coatings': [191], 'is_active': True, 'sku': '11911913', 'product_type': 160, 'warranty': 170, 'weight': 193, 'dimensions': 171, 'last_purchase_price': '100', 'selling_price': '160', 'discount_percentage': '10', 'attributes': [], 'id': ''}]
[2026-01-14 21:57:31,699] INFO product: FK fields for ContactLensVariant: ['images', 'price_rules', 'marketing', 'reviews', 'questions', 'offers', 'stocks', 'stocktransferitem', 'partnerpricelistitem', 'orderitem_variant', 'invoiceitem_variant', 'product', 'product_type', 'warranty', 'weight', 'dimensions', 'contactlensvariantexpirationdate', 'productvariant_ptr', 'lens_diameter', 'lens_color', 'lens_material', 'lens_water_content', 'replacement_schedule', 'units', 'lens_base_curve', 'lens_coatings']
[2026-01-14 21:57:31,699] INFO product: Converted FK field: lens_water_content=163 -> lens_water_content_id=163
[2026-01-14 21:57:31,699] INFO product: Converted FK field: replacement_schedule=165 -> replacement_schedule_id=165
[2026-01-14 21:57:31,700] INFO product: Converted FK field: units=204 -> units_id=204
[2026-01-14 21:57:31,700] INFO product: Converted FK field: lens_diameter=127 -> lens_diameter_id=127
[2026-01-14 21:57:31,700] INFO product: Converted FK field: lens_color=18 -> lens_color_id=18
[2026-01-14 21:57:31,700] INFO product: Converted FK field: lens_material=211 -> lens_material_id=211
[2026-01-14 21:57:31,700] INFO product: Converted FK field: product_type=160 -> product_type_id=160
[2026-01-14 21:57:31,700] INFO product: Converted FK field: warranty=170 -> warranty_id=170
[2026-01-14 21:57:31,700] INFO product: Converted FK field: weight=193 -> weight_id=193
[2026-01-14 21:57:31,711] INFO product: Converted FK field: dimensions=171 -> dimensions_id=171
[2026-01-14 21:57:31,711] INFO product: clean_vdata for variant: {'spherical': '-01.00', 'lens_water_content_id': 163, 'replacement_schedule_id': 165, 'units_id': 204, 'lens_diameter_id': 127, 'lens_color_id': 18, 'lens_material_id': 211, 'lens_coatings': [191], 'is_active': True, 'sku': '11911913', 'product_type_id': 160, 'warranty_id': 170, 'weight_id': 193, 'dimensions_id': 171, 'last_purchase_price': '100', 'selling_price': '160', 'discount_percentage': '10'}
[2026-01-14 21:57:31,711] INFO product: M2M fields for ContactLensVariant: ['lens_coatings']
[2026-01-14 21:57:31,711] INFO product: Creating variant with data: {'spherical': '-01.00', 'lens_water_content_id': 163, 'replacement_schedule_id': 165, 'units_id': 204, 'lens_diameter_id': 127, 'lens_color_id': 18, 'lens_material_id': 211, 'is_active': True, 'sku': '11911913', 'product_type_id': 160, 'warranty_id': 170, 'weight_id': 193, 'dimensions_id': 171, 'last_purchase_price': '100', 'selling_price': '160', 'discount_percentage': '10'}
[2026-01-14 21:57:31,979] INFO product: Set M2M field lens_coatings = [191]
[2026-01-14 21:57:32,045] INFO product: ✅ Updated description after M2M fields
[2026-01-14 23:10:29,823] INFO product: 🔍 _manage_variants called for product 57 (Clear View)
[2026-01-14 23:10:29,825] INFO product: 📋 variants_data received: [{'id': 28, 'product_type': 209, 'last_purchase_price': '250.00', 'selling_price': '600.00', 'discount_percentage': '10.00', 'sku': '1920315644', 'warranty': 170, 'weight': 193, 'dimensions': 171, 'spherical': '-02.00', 'cylinder': '-01.00', 'lens_diameter': 112, 'lens_color': 210, 'lens_material': 5, 'lens_coatings': [182, 190], 'is_active': True, 'attributes': ''}, {'id': 29, 'product_type': 209, 'last_purchase_price': '250.00', 'selling_price': '600.00', 'discount_percentage': '10.00', 'sku': '395004599', 'warranty': 170, 'weight': 193, 'dimensions': 171, 'spherical': '-01.00', 'cylinder': '-00.50', 'lens_diameter': 112, 'lens_color': 210, 'lens_material': 5, 'lens_coatings': [182, 190], 'is_active': True, 'attributes': ''}]
[2026-01-14 23:10:29,828] INFO product: FK fields for StokLensVariant: ['images', 'price_rules', 'marketing', 'reviews', 'questions', 'offers', 'stocks', 'stocktransferitem', 'partnerpricelistitem', 'orderitem_variant', 'invoiceitem_variant', 'product', 'product_type', 'warranty', 'weight', 'dimensions', 'productvariant_ptr', 'lens_diameter', 'lens_color', 'lens_material', 'lens_coatings']
[2026-01-14 23:10:29,829] INFO product: Converted FK field: product_type=209 -> product_type_id=209
[2026-01-14 23:10:29,830] INFO product: Converted FK field: warranty=170 -> warranty_id=170
[2026-01-14 23:10:29,830] INFO product: Converted FK field: weight=193 -> weight_id=193
[2026-01-14 23:10:29,831] INFO product: Converted FK field: dimensions=171 -> dimensions_id=171
[2026-01-14 23:10:29,831] INFO product: Converted FK field: lens_diameter=112 -> lens_diameter_id=112
[2026-01-14 23:10:29,832] INFO product: Converted FK field: lens_color=210 -> lens_color_id=210
[2026-01-14 23:10:29,832] INFO product: Converted FK field: lens_material=5 -> lens_material_id=5
[2026-01-14 23:10:29,833] INFO product: clean_vdata for variant: {'id': 28, 'product_type_id': 209, 'last_purchase_price': '250.00', 'selling_price': '600.00', 'discount_percentage': '10.00', 'sku': '1920315644', 'warranty_id': 170, 'weight_id': 193, 'dimensions_id': 171, 'spherical': '-02.00', 'cylinder': '-01.00', 'lens_diameter_id': 112, 'lens_color_id': 210, 'lens_material_id': 5, 'lens_coatings': [182, 190], 'is_active': True}
[2026-01-14 23:10:29,935] INFO product: Updated M2M field lens_coatings = [182, 190]
[2026-01-14 23:10:30,084] INFO product: ✅ Updated description after M2M fields
[2026-01-14 23:10:30,084] INFO product: FK fields for StokLensVariant: ['images', 'price_rules', 'marketing', 'reviews', 'questions', 'offers', 'stocks', 'stocktransferitem', 'partnerpricelistitem', 'orderitem_variant', 'invoiceitem_variant', 'product', 'product_type', 'warranty', 'weight', 'dimensions', 'productvariant_ptr', 'lens_diameter', 'lens_color', 'lens_material', 'lens_coatings']
[2026-01-14 23:10:30,084] INFO product: Converted FK field: product_type=209 -> product_type_id=209
[2026-01-14 23:10:30,085] INFO product: Converted FK field: warranty=170 -> warranty_id=170
[2026-01-14 23:10:30,085] INFO product: Converted FK field: weight=193 -> weight_id=193
[2026-01-14 23:10:30,085] INFO product: Converted FK field: dimensions=171 -> dimensions_id=171
[2026-01-14 23:10:30,085] INFO product: Converted FK field: lens_diameter=112 -> lens_diameter_id=112
[2026-01-14 23:10:30,085] INFO product: Converted FK field: lens_color=210 -> lens_color_id=210
[2026-01-14 23:10:30,085] INFO product: Converted FK field: lens_material=5 -> lens_material_id=5
[2026-01-14 23:10:30,085] INFO product: clean_vdata for variant: {'id': 29, 'product_type_id': 209, 'last_purchase_price': '250.00', 'selling_price': '600.00', 'discount_percentage': '10.00', 'sku': '395004599', 'warranty_id': 170, 'weight_id': 193, 'dimensions_id': 171, 'spherical': '-01.00', 'cylinder': '-00.50', 'lens_diameter_id': 112, 'lens_color_id': 210, 'lens_material_id': 5, 'lens_coatings': [182, 190], 'is_active': True}
[2026-01-14 23:10:30,164] INFO product: Updated M2M field lens_coatings = [182, 190]
[2026-01-14 23:10:30,260] INFO product: ✅ Updated description after M2M fields
[2026-01-14 23:10:45,549] INFO product: 🔍 _manage_variants called for product 57 (Clear View)
[2026-01-14 23:10:45,549] INFO product: 📋 variants_data received: [{'id': 28, 'product_type': 209, 'last_purchase_price': '250.00', 'selling_price': '600.00', 'discount_percentage': '10.00', 'sku': '1920315644', 'warranty': 170, 'weight': 193, 'dimensions': 171, 'spherical': '-02.00', 'cylinder': '-01.00', 'lens_diameter': 112, 'lens_color': 210, 'lens_material': 5, 'lens_coatings': [182, 190], 'is_active': True, 'attributes': ''}, {'id': 29, 'product_type': 209, 'last_purchase_price': '250.00', 'selling_price': '600.00', 'discount_percentage': '10.00', 'sku': '395004599', 'warranty': 170, 'weight': 193, 'dimensions': 171, 'spherical': '-01.00', 'cylinder': '-00.50', 'lens_diameter': 112, 'lens_color': 210, 'lens_material': 5, 'lens_coatings': [182, 190], 'is_active': True, 'attributes': ''}]
[2026-01-14 23:10:45,549] INFO product: FK fields for StokLensVariant: ['images', 'price_rules', 'marketing', 'reviews', 'questions', 'offers', 'stocks', 'stocktransferitem', 'partnerpricelistitem', 'orderitem_variant', 'invoiceitem_variant', 'product', 'product_type', 'warranty', 'weight', 'dimensions', 'productvariant_ptr', 'lens_diameter', 'lens_color', 'lens_material', 'lens_coatings']
[2026-01-14 23:10:45,549] INFO product: Converted FK field: product_type=209 -> product_type_id=209
[2026-01-14 23:10:45,549] INFO product: Converted FK field: warranty=170 -> warranty_id=170
[2026-01-14 23:10:45,550] INFO product: Converted FK field: weight=193 -> weight_id=193
[2026-01-14 23:10:45,550] INFO product: Converted FK field: dimensions=171 -> dimensions_id=171
[2026-01-14 23:10:45,550] INFO product: Converted FK field: lens_diameter=112 -> lens_diameter_id=112
[2026-01-14 23:10:45,550] INFO product: Converted FK field: lens_color=210 -> lens_color_id=210
[2026-01-14 23:10:45,550] INFO product: Converted FK field: lens_material=5 -> lens_material_id=5
[2026-01-14 23:10:45,550] INFO product: clean_vdata for variant: {'id': 28, 'product_type_id': 209, 'last_purchase_price': '250.00', 'selling_price': '600.00', 'discount_percentage': '10.00', 'sku': '1920315644', 'warranty_id': 170, 'weight_id': 193, 'dimensions_id': 171, 'spherical': '-02.00', 'cylinder': '-01.00', 'lens_diameter_id': 112, 'lens_color_id': 210, 'lens_material_id': 5, 'lens_coatings': [182, 190], 'is_active': True}
[2026-01-14 23:10:45,619] INFO product: Updated M2M field lens_coatings = [182, 190]
[2026-01-14 23:10:45,720] INFO product: ✅ Updated description after M2M fields
[2026-01-14 23:10:45,720] INFO product: FK fields for StokLensVariant: ['images', 'price_rules', 'marketing', 'reviews', 'questions', 'offers', 'stocks', 'stocktransferitem', 'partnerpricelistitem', 'orderitem_variant', 'invoiceitem_variant', 'product', 'product_type', 'warranty', 'weight', 'dimensions', 'productvariant_ptr', 'lens_diameter', 'lens_color', 'lens_material', 'lens_coatings']
[2026-01-14 23:10:45,721] INFO product: Converted FK field: product_type=209 -> product_type_id=209
[2026-01-14 23:10:45,721] INFO product: Converted FK field: warranty=170 -> warranty_id=170
[2026-01-14 23:10:45,721] INFO product: Converted FK field: weight=193 -> weight_id=193
[2026-01-14 23:10:45,722] INFO product: Converted FK field: dimensions=171 -> dimensions_id=171
[2026-01-14 23:10:45,722] INFO product: Converted FK field: lens_diameter=112 -> lens_diameter_id=112
[2026-01-14 23:10:45,722] INFO product: Converted FK field: lens_color=210 -> lens_color_id=210
[2026-01-14 23:10:45,723] INFO product: Converted FK field: lens_material=5 -> lens_material_id=5
[2026-01-14 23:10:45,723] INFO product: clean_vdata for variant: {'id': 29, 'product_type_id': 209, 'last_purchase_price': '250.00', 'selling_price': '600.00', 'discount_percentage': '10.00', 'sku': '395004599', 'warranty_id': 170, 'weight_id': 193, 'dimensions_id': 171, 'spherical': '-01.00', 'cylinder': '-00.50', 'lens_diameter_id': 112, 'lens_color_id': 210, 'lens_material_id': 5, 'lens_coatings': [182, 190], 'is_active': True}
[2026-01-14 23:10:45,784] INFO product: Updated M2M field lens_coatings = [182, 190]
[2026-01-14 23:10:45,870] INFO product: ✅ Updated description after M2M fields
[2026-01-22 20:55:24,563] INFO product: 📦 ProductSerializer.create called with validated_data keys: dict_keys(['categories', 'variants', 'is_active', 'model', 'type', 'name', 'variant_type', 'brand'])
[2026-01-22 20:55:24,567] INFO product: 📦 variants in validated_data: [{'product_type': 171, 'last_purchase_price': '50', 'selling_price': '500', 'discount_percentage': '10', 'sku': '1313111212', 'warranty': 183, 'weight': 206, 'dimensions': 184, 'frame_color': 18, 'lens_diameter': 123, 'temple_length': 19, 'bridge_width': 113, 'frame_shape': 1, 'frame_material': 5, 'lens_color': 9, 'attributes': [], 'id': ''}]
[2026-01-22 20:55:24,567] INFO product: 📦 variants_data after pop: [{'product_type': 171, 'last_purchase_price': '50', 'selling_price': '500', 'discount_percentage': '10', 'sku': '1313111212', 'warranty': 183, 'weight': 206, 'dimensions': 184, 'frame_color': 18, 'lens_diameter': 123, 'temple_length': 19, 'bridge_width': 113, 'frame_shape': 1, 'frame_material': 5, 'lens_color': 9, 'attributes': [], 'id': ''}]
[2026-01-22 20:55:24,575] INFO product: ✅ Product created: 4 - evetor
[2026-01-22 20:55:24,604] INFO product: 🔍 _manage_variants called for product 4 (evetor)
[2026-01-22 20:55:24,604] INFO product: 📋 variants_data received: [{'product_type': 171, 'last_purchase_price': '50', 'selling_price': '500', 'discount_percentage': '10', 'sku': '1313111212', 'warranty': 183, 'weight': 206, 'dimensions': 184, 'frame_color': 18, 'lens_diameter': 123, 'temple_length': 19, 'bridge_width': 113, 'frame_shape': 1, 'frame_material': 5, 'lens_color': 9, 'attributes': [], 'id': ''}]
[2026-01-22 20:55:24,625] INFO product: FK fields for FrameVariant: ['images', 'price_rules', 'marketing', 'reviews', 'questions', 'offers', 'stocks', 'stocktransferitem', 'partnerpricelistitem', 'orderitem_variant', 'invoiceitem_variant', 'product', 'product_type', 'warranty', 'weight', 'dimensions', 'productvariant_ptr', 'frame_color', 'lens_diameter', 'temple_length', 'bridge_width', 'frame_shape', 'frame_material', 'lens_color']
[2026-01-22 20:55:24,625] INFO product: Converted FK field: product_type=171 -> product_type_id=171
[2026-01-22 20:55:24,626] INFO product: Converted FK field: warranty=183 -> warranty_id=183
[2026-01-22 20:55:24,626] INFO product: Converted FK field: weight=206 -> weight_id=206
[2026-01-22 20:55:24,626] INFO product: Converted FK field: dimensions=184 -> dimensions_id=184
[2026-01-22 20:55:24,626] INFO product: Converted FK field: frame_color=18 -> frame_color_id=18
[2026-01-22 20:55:24,627] INFO product: Converted FK field: lens_diameter=123 -> lens_diameter_id=123
[2026-01-22 20:55:24,627] INFO product: Converted FK field: temple_length=19 -> temple_length_id=19
[2026-01-22 20:55:24,627] INFO product: Converted FK field: bridge_width=113 -> bridge_width_id=113
[2026-01-22 20:55:24,627] INFO product: Converted FK field: frame_shape=1 -> frame_shape_id=1
[2026-01-22 20:55:24,627] INFO product: Converted FK field: frame_material=5 -> frame_material_id=5
[2026-01-22 20:55:24,627] INFO product: Converted FK field: lens_color=9 -> lens_color_id=9
[2026-01-22 20:55:24,627] INFO product: clean_vdata for variant: {'product_type_id': 171, 'last_purchase_price': '50', 'selling_price': '500', 'discount_percentage': '10', 'sku': '1313111212', 'warranty_id': 183, 'weight_id': 206, 'dimensions_id': 184, 'frame_color_id': 18, 'lens_diameter_id': 123, 'temple_length_id': 19, 'bridge_width_id': 113, 'frame_shape_id': 1, 'frame_material_id': 5, 'lens_color_id': 9}
[2026-01-22 20:55:24,627] INFO product: M2M fields for FrameVariant: []
[2026-01-22 20:55:24,627] INFO product: Creating variant with data: {'product_type_id': 171, 'last_purchase_price': '50', 'selling_price': '500', 'discount_percentage': '10', 'sku': '1313111212', 'warranty_id': 183, 'weight_id': 206, 'dimensions_id': 184, 'frame_color_id': 18, 'lens_diameter_id': 123, 'temple_length_id': 19, 'bridge_width_id': 113, 'frame_shape_id': 1, 'frame_material_id': 5, 'lens_color_id': 9}
[2026-01-22 21:05:55,610] INFO product: 📦 ProductSerializer.create called with validated_data keys: dict_keys(['categories', 'variants', 'is_active', 'model', 'type', 'name', 'variant_type', 'brand'])
[2026-01-22 21:05:55,616] INFO product: 📦 variants in validated_data: [{'id': 1, 'product_type': 171, 'last_purchase_price': '50.00', 'selling_price': '500.00', 'discount_percentage': '10.00', 'sku': '1313111212', 'warranty': 183, 'weight': 206, 'dimensions': 184, 'frame_color': 18, 'lens_diameter': 123, 'temple_length': 19, 'bridge_width': 113, 'frame_shape': 1, 'frame_material': 5, 'lens_color': 9, 'attributes': ''}]
[2026-01-22 21:05:55,616] INFO product: 📦 variants_data after pop: [{'id': 1, 'product_type': 171, 'last_purchase_price': '50.00', 'selling_price': '500.00', 'discount_percentage': '10.00', 'sku': '1313111212', 'warranty': 183, 'weight': 206, 'dimensions': 184, 'frame_color': 18, 'lens_diameter': 123, 'temple_length': 19, 'bridge_width': 113, 'frame_shape': 1, 'frame_material': 5, 'lens_color': 9, 'attributes': ''}]
[2026-01-22 21:05:55,634] INFO product: ✅ Product created: 5 - evetor2
[2026-01-22 21:05:55,657] INFO product: 🔍 _manage_variants called for product 5 (evetor2)
[2026-01-22 21:05:55,658] INFO product: 📋 variants_data received: [{'id': 1, 'product_type': 171, 'last_purchase_price': '50.00', 'selling_price': '500.00', 'discount_percentage': '10.00', 'sku': '1313111212', 'warranty': 183, 'weight': 206, 'dimensions': 184, 'frame_color': 18, 'lens_diameter': 123, 'temple_length': 19, 'bridge_width': 113, 'frame_shape': 1, 'frame_material': 5, 'lens_color': 9, 'attributes': ''}]
[2026-01-22 21:05:55,673] INFO product: FK fields for FrameVariant: ['images', 'price_rules', 'marketing', 'reviews', 'questions', 'offers', 'stocks', 'stocktransferitem', 'partnerpricelistitem', 'orderitem_variant', 'invoiceitem_variant', 'product', 'product_type', 'warranty', 'weight', 'dimensions', 'productvariant_ptr', 'frame_color', 'lens_diameter', 'temple_length', 'bridge_width', 'frame_shape', 'frame_material', 'lens_color']
[2026-01-22 21:05:55,673] INFO product: Converted FK field: product_type=171 -> product_type_id=171
[2026-01-22 21:05:55,673] INFO product: Converted FK field: warranty=183 -> warranty_id=183
[2026-01-22 21:05:55,673] INFO product: Converted FK field: weight=206 -> weight_id=206
[2026-01-22 21:05:55,674] INFO product: Converted FK field: dimensions=184 -> dimensions_id=184
[2026-01-22 21:05:55,674] INFO product: Converted FK field: frame_color=18 -> frame_color_id=18
[2026-01-22 21:05:55,674] INFO product: Converted FK field: lens_diameter=123 -> lens_diameter_id=123
[2026-01-22 21:05:55,674] INFO product: Converted FK field: temple_length=19 -> temple_length_id=19
[2026-01-22 21:05:55,674] INFO product: Converted FK field: bridge_width=113 -> bridge_width_id=113
[2026-01-22 21:05:55,674] INFO product: Converted FK field: frame_shape=1 -> frame_shape_id=1
[2026-01-22 21:05:55,674] INFO product: Converted FK field: frame_material=5 -> frame_material_id=5
[2026-01-22 21:05:55,674] INFO product: Converted FK field: lens_color=9 -> lens_color_id=9
[2026-01-22 21:05:55,674] INFO product: clean_vdata for variant: {'id': 1, 'product_type_id': 171, 'last_purchase_price': '50.00', 'selling_price': '500.00', 'discount_percentage': '10.00', 'sku': '1313111212', 'warranty_id': 183, 'weight_id': 206, 'dimensions_id': 184, 'frame_color_id': 18, 'lens_diameter_id': 123, 'temple_length_id': 19, 'bridge_width_id': 113, 'frame_shape_id': 1, 'frame_material_id': 5, 'lens_color_id': 9}
[2026-01-22 21:05:55,674] INFO product: M2M fields for FrameVariant: []
[2026-01-22 21:05:55,674] INFO product: Creating variant with data: {'product_type_id': 171, 'last_purchase_price': '50.00', 'selling_price': '500.00', 'discount_percentage': '10.00', 'sku': '1313111212', 'warranty_id': 183, 'weight_id': 206, 'dimensions_id': 184, 'frame_color_id': 18, 'lens_diameter_id': 123, 'temple_length_id': 19, 'bridge_width_id': 113, 'frame_shape_id': 1, 'frame_material_id': 5, 'lens_color_id': 9}
[2026-01-22 21:06:37,740] INFO product: 📦 ProductSerializer.create called with validated_data keys: dict_keys(['categories', 'variants', 'is_active', 'model', 'type', 'name', 'variant_type', 'brand'])
[2026-01-22 21:06:37,741] INFO product: 📦 variants in validated_data: [{'id': 1, 'product_type': 171, 'last_purchase_price': '50.00', 'selling_price': '500.00', 'discount_percentage': '10.00', 'sku': '1313111211', 'warranty': 183, 'weight': 206, 'dimensions': 184, 'frame_color': 18, 'lens_diameter': 123, 'temple_length': 19, 'bridge_width': 113, 'frame_shape': 1, 'frame_material': 5, 'lens_color': 9, 'attributes': ''}]
[2026-01-22 21:06:37,741] INFO product: 📦 variants_data after pop: [{'id': 1, 'product_type': 171, 'last_purchase_price': '50.00', 'selling_price': '500.00', 'discount_percentage': '10.00', 'sku': '1313111211', 'warranty': 183, 'weight': 206, 'dimensions': 184, 'frame_color': 18, 'lens_diameter': 123, 'temple_length': 19, 'bridge_width': 113, 'frame_shape': 1, 'frame_material': 5, 'lens_color': 9, 'attributes': ''}]
[2026-01-22 21:06:37,746] INFO product: ✅ Product created: 6 - evetor2
[2026-01-22 21:06:37,756] INFO product: 🔍 _manage_variants called for product 6 (evetor2)
[2026-01-22 21:06:37,758] INFO product: 📋 variants_data received: [{'id': 1, 'product_type': 171, 'last_purchase_price': '50.00', 'selling_price': '500.00', 'discount_percentage': '10.00', 'sku': '1313111211', 'warranty': 183, 'weight': 206, 'dimensions': 184, 'frame_color': 18, 'lens_diameter': 123, 'temple_length': 19, 'bridge_width': 113, 'frame_shape': 1, 'frame_material': 5, 'lens_color': 9, 'attributes': ''}]
[2026-01-22 21:06:37,772] INFO product: FK fields for FrameVariant: ['images', 'price_rules', 'marketing', 'reviews', 'questions', 'offers', 'stocks', 'stocktransferitem', 'partnerpricelistitem', 'orderitem_variant', 'invoiceitem_variant', 'product', 'product_type', 'warranty', 'weight', 'dimensions', 'productvariant_ptr', 'frame_color', 'lens_diameter', 'temple_length', 'bridge_width', 'frame_shape', 'frame_material', 'lens_color']
[2026-01-22 21:06:37,772] INFO product: Converted FK field: product_type=171 -> product_type_id=171
[2026-01-22 21:06:37,772] INFO product: Converted FK field: warranty=183 -> warranty_id=183
[2026-01-22 21:06:37,772] INFO product: Converted FK field: weight=206 -> weight_id=206
[2026-01-22 21:06:37,772] INFO product: Converted FK field: dimensions=184 -> dimensions_id=184
[2026-01-22 21:06:37,772] INFO product: Converted FK field: frame_color=18 -> frame_color_id=18
[2026-01-22 21:06:37,773] INFO product: Converted FK field: lens_diameter=123 -> lens_diameter_id=123
[2026-01-22 21:06:37,773] INFO product: Converted FK field: temple_length=19 -> temple_length_id=19
[2026-01-22 21:06:37,773] INFO product: Converted FK field: bridge_width=113 -> bridge_width_id=113
[2026-01-22 21:06:37,773] INFO product: Converted FK field: frame_shape=1 -> frame_shape_id=1
[2026-01-22 21:06:37,773] INFO product: Converted FK field: frame_material=5 -> frame_material_id=5
[2026-01-22 21:06:37,773] INFO product: Converted FK field: lens_color=9 -> lens_color_id=9
[2026-01-22 21:06:37,773] INFO product: clean_vdata for variant: {'id': 1, 'product_type_id': 171, 'last_purchase_price': '50.00', 'selling_price': '500.00', 'discount_percentage': '10.00', 'sku': '1313111211', 'warranty_id': 183, 'weight_id': 206, 'dimensions_id': 184, 'frame_color_id': 18, 'lens_diameter_id': 123, 'temple_length_id': 19, 'bridge_width_id': 113, 'frame_shape_id': 1, 'frame_material_id': 5, 'lens_color_id': 9}
[2026-01-22 21:06:37,773] INFO product: M2M fields for FrameVariant: []
[2026-01-22 21:06:37,773] INFO product: Creating variant with data: {'product_type_id': 171, 'last_purchase_price': '50.00', 'selling_price': '500.00', 'discount_percentage': '10.00', 'sku': '1313111211', 'warranty_id': 183, 'weight_id': 206, 'dimensions_id': 184, 'frame_color_id': 18, 'lens_diameter_id': 123, 'temple_length_id': 19, 'bridge_width_id': 113, 'frame_shape_id': 1, 'frame_material_id': 5, 'lens_color_id': 9}
[2026-01-22 22:22:52,997] INFO product: 📦 ProductSerializer.create called with validated_data keys: dict_keys(['categories', 'variants', 'is_active', 'model', 'type', 'name', 'variant_type', 'brand'])
[2026-01-22 22:22:52,998] INFO product: 📦 variants in validated_data: [{'product_type': 172, 'last_purchase_price': '100', 'selling_price': '300', 'discount_percentage': '20', 'sku': '1234560000', 'warranty': 183, 'weight': 206, 'dimensions': 184, 'attributes': [], 'id': ''}]
[2026-01-22 22:22:52,999] INFO product: 📦 variants_data after pop: [{'product_type': 172, 'last_purchase_price': '100', 'selling_price': '300', 'discount_percentage': '20', 'sku': '1234560000', 'warranty': 183, 'weight': 206, 'dimensions': 184, 'attributes': [], 'id': ''}]
[2026-01-22 22:22:53,011] INFO product: ✅ Product created: 7 - Vouge 2011
[2026-01-22 22:22:53,027] INFO product: 🔍 _manage_variants called for product 7 (Vouge 2011)
[2026-01-22 22:22:53,027] INFO product: 📋 variants_data received: [{'product_type': 172, 'last_purchase_price': '100', 'selling_price': '300', 'discount_percentage': '20', 'sku': '1234560000', 'warranty': 183, 'weight': 206, 'dimensions': 184, 'attributes': [], 'id': ''}]
[2026-01-22 22:22:53,039] INFO product: FK fields for ProductVariant: ['framevariant', 'stoklensvariant', 'rxlensvariant', 'contactlensvariant', 'images', 'price_rules', 'marketing', 'reviews', 'questions', 'offers', 'stocks', 'stocktransferitem', 'partnerpricelistitem', 'orderitem_variant', 'invoiceitem_variant', 'product', 'product_type', 'warranty', 'weight', 'dimensions']
[2026-01-22 22:22:53,040] INFO product: Converted FK field: product_type=172 -> product_type_id=172
[2026-01-22 22:22:53,040] INFO product: Converted FK field: warranty=183 -> warranty_id=183
[2026-01-22 22:22:53,040] INFO product: Converted FK field: weight=206 -> weight_id=206
[2026-01-22 22:22:53,041] INFO product: Converted FK field: dimensions=184 -> dimensions_id=184
[2026-01-22 22:22:53,041] INFO product: clean_vdata for variant: {'product_type_id': 172, 'last_purchase_price': '100', 'selling_price': '300', 'discount_percentage': '20', 'sku': '1234560000', 'warranty_id': 183, 'weight_id': 206, 'dimensions_id': 184}
[2026-01-22 22:22:53,042] INFO product: M2M fields for ProductVariant: []
[2026-01-22 22:22:53,042] INFO product: Creating variant with data: {'product_type_id': 172, 'last_purchase_price': '100', 'selling_price': '300', 'discount_percentage': '20', 'sku': '1234560000', 'warranty_id': 183, 'weight_id': 206, 'dimensions_id': 184}
[2026-01-22 22:25:34,827] INFO product: 📦 ProductSerializer.create called with validated_data keys: dict_keys(['categories', 'variants', 'is_active', 'model', 'type', 'name', 'variant_type', 'brand'])
[2026-01-22 22:25:34,827] INFO product: 📦 variants in validated_data: [{'product_type': 172, 'last_purchase_price': '100', 'selling_price': '300', 'discount_percentage': '20', 'sku': '1234560000', 'warranty': 183, 'weight': 206, 'dimensions': 184, 'attributes': [], 'id': ''}]
[2026-01-22 22:25:34,827] INFO product: 📦 variants_data after pop: [{'product_type': 172, 'last_purchase_price': '100', 'selling_price': '300', 'discount_percentage': '20', 'sku': '1234560000', 'warranty': 183, 'weight': 206, 'dimensions': 184, 'attributes': [], 'id': ''}]
[2026-01-22 22:25:34,830] INFO product: ✅ Product created: 8 - Vouge 2011
[2026-01-22 22:25:34,835] INFO product: 🔍 _manage_variants called for product 8 (Vouge 2011)
[2026-01-22 22:25:34,835] INFO product: 📋 variants_data received: [{'product_type': 172, 'last_purchase_price': '100', 'selling_price': '300', 'discount_percentage': '20', 'sku': '1234560000', 'warranty': 183, 'weight': 206, 'dimensions': 184, 'attributes': [], 'id': ''}]
[2026-01-22 22:25:34,847] INFO product: FK fields for ProductVariant: ['framevariant', 'stoklensvariant', 'rxlensvariant', 'contactlensvariant', 'images', 'price_rules', 'marketing', 'reviews', 'questions', 'offers', 'stocks', 'stocktransferitem', 'partnerpricelistitem', 'orderitem_variant', 'invoiceitem_variant', 'product', 'product_type', 'warranty', 'weight', 'dimensions']
[2026-01-22 22:25:34,848] INFO product: Converted FK field: product_type=172 -> product_type_id=172
[2026-01-22 22:25:34,848] INFO product: Converted FK field: warranty=183 -> warranty_id=183
[2026-01-22 22:25:34,848] INFO product: Converted FK field: weight=206 -> weight_id=206
[2026-01-22 22:25:34,848] INFO product: Converted FK field: dimensions=184 -> dimensions_id=184
[2026-01-22 22:25:34,848] INFO product: clean_vdata for variant: {'product_type_id': 172, 'last_purchase_price': '100', 'selling_price': '300', 'discount_percentage': '20', 'sku': '1234560000', 'warranty_id': 183, 'weight_id': 206, 'dimensions_id': 184}
[2026-01-22 22:25:34,848] INFO product: M2M fields for ProductVariant: []
[2026-01-22 22:25:34,848] INFO product: Creating variant with data: {'product_type_id': 172, 'last_purchase_price': '100', 'selling_price': '300', 'discount_percentage': '20', 'sku': '1234560000', 'warranty_id': 183, 'weight_id': 206, 'dimensions_id': 184}
[2026-01-22 22:27:27,840] INFO product: 📦 ProductSerializer.create called with validated_data keys: dict_keys(['categories', 'variants', 'is_active', 'model', 'type', 'name', 'variant_type', 'brand'])
[2026-01-22 22:27:27,843] INFO product: 📦 variants in validated_data: [{'product_type': 172, 'last_purchase_price': '100', 'selling_price': '300', 'discount_percentage': '20', 'sku': '1234560000', 'warranty': 183, 'weight': 206, 'dimensions': 184, 'attributes': [], 'id': ''}]
[2026-01-22 22:27:27,843] INFO product: 📦 variants_data after pop: [{'product_type': 172, 'last_purchase_price': '100', 'selling_price': '300', 'discount_percentage': '20', 'sku': '1234560000', 'warranty': 183, 'weight': 206, 'dimensions': 184, 'attributes': [], 'id': ''}]
[2026-01-22 22:27:27,861] INFO product: ✅ Product created: 9 - Vouge 2011
[2026-01-22 22:27:27,883] INFO product: 🔍 _manage_variants called for product 9 (Vouge 2011)
[2026-01-22 22:27:27,883] INFO product: 📋 variants_data received: [{'product_type': 172, 'last_purchase_price': '100', 'selling_price': '300', 'discount_percentage': '20', 'sku': '1234560000', 'warranty': 183, 'weight': 206, 'dimensions': 184, 'attributes': [], 'id': ''}]
[2026-01-22 22:27:27,911] INFO product: FK fields for ProductVariant: ['framevariant', 'stoklensvariant', 'rxlensvariant', 'contactlensvariant', 'images', 'price_rules', 'marketing', 'reviews', 'questions', 'offers', 'stocks', 'stocktransferitem', 'partnerpricelistitem', 'orderitem_variant', 'invoiceitem_variant', 'product', 'product_type', 'warranty', 'weight', 'dimensions']
[2026-01-22 22:27:27,912] INFO product: Converted FK field: product_type=172 -> product_type_id=172
[2026-01-22 22:27:27,912] INFO product: Converted FK field: warranty=183 -> warranty_id=183
[2026-01-22 22:27:27,913] INFO product: Converted FK field: weight=206 -> weight_id=206
[2026-01-22 22:27:27,913] INFO product: Converted FK field: dimensions=184 -> dimensions_id=184
[2026-01-22 22:27:27,913] INFO product: clean_vdata for variant: {'product_type_id': 172, 'last_purchase_price': '100', 'selling_price': '300', 'discount_percentage': '20', 'sku': '1234560000', 'warranty_id': 183, 'weight_id': 206, 'dimensions_id': 184}
[2026-01-22 22:27:27,913] INFO product: M2M fields for ProductVariant: []
[2026-01-22 22:27:27,916] INFO product: Creating variant with data: {'product_type_id': 172, 'last_purchase_price': '100', 'selling_price': '300', 'discount_percentage': '20', 'sku': '1234560000', 'warranty_id': 183, 'weight_id': 206, 'dimensions_id': 184}
[2026-01-22 22:42:20,356] INFO product: 📦 ProductSerializer.create called with validated_data keys: dict_keys(['categories', 'variants', 'is_active', 'model', 'type', 'name', 'variant_type', 'brand'])
[2026-01-22 22:42:20,360] INFO product: 📦 variants in validated_data: [{'id': 3, 'product_type': 224, 'last_purchase_price': '100.00', 'selling_price': '300.00', 'discount_percentage': '20.00', 'sku': '1234560000', 'warranty': 183, 'weight': 206, 'dimensions': 184, 'spherical': '-01.00', 'cylinder': '', 'lens_diameter': 119, 'lens_color': '', 'lens_material': 5, 'lens_coatings': [196, 204, 205], 'is_active': True, 'attributes': ''}]
[2026-01-22 22:42:20,361] INFO product: 📦 variants_data after pop: [{'id': 3, 'product_type': 224, 'last_purchase_price': '100.00', 'selling_price': '300.00', 'discount_percentage': '20.00', 'sku': '1234560000', 'warranty': 183, 'weight': 206, 'dimensions': 184, 'spherical': '-01.00', 'cylinder': '', 'lens_diameter': 119, 'lens_color': '', 'lens_material': 5, 'lens_coatings': [196, 204, 205], 'is_active': True, 'attributes': ''}]
[2026-01-22 22:42:20,383] INFO product: ✅ Product created: 10 - Clear view
[2026-01-22 22:42:20,418] INFO product: 🔍 _manage_variants called for product 10 (Clear view)
[2026-01-22 22:42:20,418] INFO product: 📋 variants_data received: [{'id': 3, 'product_type': 224, 'last_purchase_price': '100.00', 'selling_price': '300.00', 'discount_percentage': '20.00', 'sku': '1234560000', 'warranty': 183, 'weight': 206, 'dimensions': 184, 'spherical': '-01.00', 'cylinder': '', 'lens_diameter': 119, 'lens_color': '', 'lens_material': 5, 'lens_coatings': [196, 204, 205], 'is_active': True, 'attributes': ''}]
[2026-01-22 22:42:20,437] INFO product: FK fields for StokLensVariant: ['images', 'price_rules', 'marketing', 'reviews', 'questions', 'offers', 'stocks', 'stocktransferitem', 'partnerpricelistitem', 'orderitem_variant', 'invoiceitem_variant', 'product', 'product_type', 'warranty', 'weight', 'dimensions', 'productvariant_ptr', 'lens_diameter', 'lens_color', 'lens_material', 'lens_coatings']
[2026-01-22 22:42:20,437] INFO product: Converted FK field: product_type=224 -> product_type_id=224
[2026-01-22 22:42:20,437] INFO product: Converted FK field: warranty=183 -> warranty_id=183
[2026-01-22 22:42:20,437] INFO product: Converted FK field: weight=206 -> weight_id=206
[2026-01-22 22:42:20,440] INFO product: Converted FK field: dimensions=184 -> dimensions_id=184
[2026-01-22 22:42:20,440] INFO product: Converted FK field: lens_diameter=119 -> lens_diameter_id=119
[2026-01-22 22:42:20,440] INFO product: Converted FK field: lens_material=5 -> lens_material_id=5
[2026-01-22 22:42:20,440] INFO product: clean_vdata for variant: {'id': 3, 'product_type_id': 224, 'last_purchase_price': '100.00', 'selling_price': '300.00', 'discount_percentage': '20.00', 'sku': '1234560000', 'warranty_id': 183, 'weight_id': 206, 'dimensions_id': 184, 'spherical': '-01.00', 'lens_diameter_id': 119, 'lens_material_id': 5, 'lens_coatings': [196, 204, 205], 'is_active': True}
[2026-01-22 22:42:20,440] INFO product: M2M fields for StokLensVariant: ['lens_coatings']
[2026-01-22 22:42:20,440] INFO product: Creating variant with data: {'product_type_id': 224, 'last_purchase_price': '100.00', 'selling_price': '300.00', 'discount_percentage': '20.00', 'sku': '1234560000', 'warranty_id': 183, 'weight_id': 206, 'dimensions_id': 184, 'spherical': '-01.00', 'lens_diameter_id': 119, 'lens_material_id': 5, 'is_active': True}
[2026-01-22 22:42:38,830] INFO product: 📦 ProductSerializer.create called with validated_data keys: dict_keys(['categories', 'variants', 'is_active', 'model', 'type', 'name', 'variant_type', 'brand'])
[2026-01-22 22:42:38,830] INFO product: 📦 variants in validated_data: [{'id': 3, 'product_type': 224, 'last_purchase_price': '100.00', 'selling_price': '300.00', 'discount_percentage': '20.00', 'sku': '12345600001', 'warranty': 183, 'weight': 206, 'dimensions': 184, 'spherical': '-01.00', 'cylinder': '', 'lens_diameter': 119, 'lens_color': '', 'lens_material': 5, 'lens_coatings': [196, 204, 205], 'is_active': True, 'attributes': ''}]
[2026-01-22 22:42:38,831] INFO product: 📦 variants_data after pop: [{'id': 3, 'product_type': 224, 'last_purchase_price': '100.00', 'selling_price': '300.00', 'discount_percentage': '20.00', 'sku': '12345600001', 'warranty': 183, 'weight': 206, 'dimensions': 184, 'spherical': '-01.00', 'cylinder': '', 'lens_diameter': 119, 'lens_color': '', 'lens_material': 5, 'lens_coatings': [196, 204, 205], 'is_active': True, 'attributes': ''}]
[2026-01-22 22:42:38,835] INFO product: ✅ Product created: 11 - Clear view
[2026-01-22 22:42:38,852] INFO product: 🔍 _manage_variants called for product 11 (Clear view)
[2026-01-22 22:42:38,853] INFO product: 📋 variants_data received: [{'id': 3, 'product_type': 224, 'last_purchase_price': '100.00', 'selling_price': '300.00', 'discount_percentage': '20.00', 'sku': '12345600001', 'warranty': 183, 'weight': 206, 'dimensions': 184, 'spherical': '-01.00', 'cylinder': '', 'lens_diameter': 119, 'lens_color': '', 'lens_material': 5, 'lens_coatings': [196, 204, 205], 'is_active': True, 'attributes': ''}]
[2026-01-22 22:42:38,863] INFO product: FK fields for StokLensVariant: ['images', 'price_rules', 'marketing', 'reviews', 'questions', 'offers', 'stocks', 'stocktransferitem', 'partnerpricelistitem', 'orderitem_variant', 'invoiceitem_variant', 'product', 'product_type', 'warranty', 'weight', 'dimensions', 'productvariant_ptr', 'lens_diameter', 'lens_color', 'lens_material', 'lens_coatings']
[2026-01-22 22:42:38,864] INFO product: Converted FK field: product_type=224 -> product_type_id=224
[2026-01-22 22:42:38,864] INFO product: Converted FK field: warranty=183 -> warranty_id=183
[2026-01-22 22:42:38,865] INFO product: Converted FK field: weight=206 -> weight_id=206
[2026-01-22 22:42:38,865] INFO product: Converted FK field: dimensions=184 -> dimensions_id=184
[2026-01-22 22:42:38,865] INFO product: Converted FK field: lens_diameter=119 -> lens_diameter_id=119
[2026-01-22 22:42:38,865] INFO product: Converted FK field: lens_material=5 -> lens_material_id=5
[2026-01-22 22:42:38,865] INFO product: clean_vdata for variant: {'id': 3, 'product_type_id': 224, 'last_purchase_price': '100.00', 'selling_price': '300.00', 'discount_percentage': '20.00', 'sku': '12345600001', 'warranty_id': 183, 'weight_id': 206, 'dimensions_id': 184, 'spherical': '-01.00', 'lens_diameter_id': 119, 'lens_material_id': 5, 'lens_coatings': [196, 204, 205], 'is_active': True}
[2026-01-22 22:42:38,865] INFO product: M2M fields for StokLensVariant: ['lens_coatings']
[2026-01-22 22:42:38,866] INFO product: Creating variant with data: {'product_type_id': 224, 'last_purchase_price': '100.00', 'selling_price': '300.00', 'discount_percentage': '20.00', 'sku': '12345600001', 'warranty_id': 183, 'weight_id': 206, 'dimensions_id': 184, 'spherical': '-01.00', 'lens_diameter_id': 119, 'lens_material_id': 5, 'is_active': True}
[2026-01-22 22:42:38,986] INFO product: Set M2M field lens_coatings = [196, 204, 205]
[2026-01-22 22:42:39,186] INFO product: ✅ Updated description after M2M fields
[2026-01-26 22:36:48,210] INFO product: 🔍 _manage_variants called for product 8 (Nikon Seecoat)
[2026-01-26 22:36:48,214] INFO product: 📋 variants_data received: [{'id': 5, 'product_type': 164, 'last_purchase_price': '', 'selling_price': '200.00', 'discount_percentage': '0.00', 'sku': '', 'warranty': '', 'weight': '', 'dimensions': '', 'spherical': '-02.00', 'cylinder': '-00.50', 'lens_diameter': 119, 'lens_color': '', 'lens_material': 5, 'lens_coatings': [195, 203], 'is_active': True, 'attributes': ''}]
[2026-01-26 22:36:48,218] INFO product: FK fields for StokLensVariant: ['images', 'price_rules', 'marketing', 'reviews', 'questions', 'offers', 'stocks', 'stocktransferitem', 'partnerpricelistitem', 'orderitem_variant', 'invoiceitem_variant', 'product', 'product_type', 'warranty', 'weight', 'dimensions', 'productvariant_ptr', 'lens_diameter', 'lens_color', 'lens_material', 'lens_coatings']
[2026-01-26 22:36:48,219] INFO product: Converted FK field: product_type=164 -> product_type_id=164
[2026-01-26 22:36:48,220] INFO product: Converted FK field: lens_diameter=119 -> lens_diameter_id=119
[2026-01-26 22:36:48,221] INFO product: Converted FK field: lens_material=5 -> lens_material_id=5
[2026-01-26 22:36:48,221] INFO product: clean_vdata for variant: {'id': 5, 'product_type_id': 164, 'selling_price': '200.00', 'discount_percentage': '0.00', 'spherical': '-02.00', 'cylinder': '-00.50', 'lens_diameter_id': 119, 'lens_material_id': 5, 'lens_coatings': [195, 203], 'is_active': True}
[2026-01-26 22:36:48,382] INFO product: Updated M2M field lens_coatings = [195, 203]
[2026-01-26 22:36:48,537] INFO product: ✅ Updated description after M2M fields
[2026-01-30 14:28:38,613] INFO product: 📦 ProductSerializer.create called with validated_data keys: dict_keys(['categories', 'variants', 'is_active', 'model', 'type', 'name', 'variant_type', 'brand'])
[2026-01-30 14:28:38,613] INFO product: 📦 variants in validated_data: [{'product_type': 171, 'last_purchase_price': '', 'selling_price': '600', 'discount_percentage': 0, 'sku': '', 'warranty': '', 'weight': '', 'dimensions': '', 'frame_color': '', 'lens_diameter': '', 'temple_length': '', 'bridge_width': '', 'frame_shape': '', 'frame_material': '', 'lens_color': '', 'attributes': [], 'id': ''}]
[2026-01-30 14:28:38,614] INFO product: 📦 variants_data after pop: [{'product_type': 171, 'last_purchase_price': '', 'selling_price': '600', 'discount_percentage': 0, 'sku': '', 'warranty': '', 'weight': '', 'dimensions': '', 'frame_color': '', 'lens_diameter': '', 'temple_length': '', 'bridge_width': '', 'frame_shape': '', 'frame_material': '', 'lens_color': '', 'attributes': [], 'id': ''}]
[2026-01-30 14:28:38,640] INFO product: ✅ Product created: 10 - Ray Ban 3026
[2026-01-30 14:28:38,676] INFO product: 🔍 _manage_variants called for product 10 (Ray Ban 3026)
[2026-01-30 14:28:38,678] INFO product: 📋 variants_data received: [{'product_type': 171, 'last_purchase_price': '', 'selling_price': '600', 'discount_percentage': 0, 'sku': '', 'warranty': '', 'weight': '', 'dimensions': '', 'frame_color': '', 'lens_diameter': '', 'temple_length': '', 'bridge_width': '', 'frame_shape': '', 'frame_material': '', 'lens_color': '', 'attributes': [], 'id': ''}]
[2026-01-30 14:28:38,718] INFO product: FK fields for FrameVariant: ['images', 'price_rules', 'marketing', 'reviews', 'questions', 'offers', 'stocks', 'stocktransferitem', 'partnerpricelistitem', 'orderitem_variant', 'invoiceitem_variant', 'product', 'product_type', 'warranty', 'weight', 'dimensions', 'productvariant_ptr', 'frame_color', 'lens_diameter', 'temple_length', 'bridge_width', 'frame_shape', 'frame_material', 'lens_color']
[2026-01-30 14:28:38,718] INFO product: Converted FK field: product_type=171 -> product_type_id=171
[2026-01-30 14:28:38,718] INFO product: clean_vdata for variant: {'product_type_id': 171, 'selling_price': '600', 'discount_percentage': 0}
[2026-01-30 14:28:38,719] INFO product: M2M fields for FrameVariant: []
[2026-01-30 14:28:38,719] INFO product: Creating variant with data: {'product_type_id': 171, 'selling_price': '600', 'discount_percentage': 0}
[2026-01-30 14:34:43,945] INFO product: 📦 ProductSerializer.create called with validated_data keys: dict_keys(['categories', 'variants', 'is_active', 'model', 'type', 'name', 'variant_type', 'brand'])
[2026-01-30 14:34:43,945] INFO product: 📦 variants in validated_data: [{'product_type': 171, 'last_purchase_price': '', 'selling_price': '600', 'discount_percentage': 0, 'sku': '', 'warranty': '', 'weight': '', 'dimensions': '', 'frame_color': '', 'lens_diameter': '', 'temple_length': '', 'bridge_width': '', 'frame_shape': '', 'frame_material': '', 'lens_color': '', 'attributes': [], 'id': ''}]
[2026-01-30 14:34:43,946] INFO product: 📦 variants_data after pop: [{'product_type': 171, 'last_purchase_price': '', 'selling_price': '600', 'discount_percentage': 0, 'sku': '', 'warranty': '', 'weight': '', 'dimensions': '', 'frame_color': '', 'lens_diameter': '', 'temple_length': '', 'bridge_width': '', 'frame_shape': '', 'frame_material': '', 'lens_color': '', 'attributes': [], 'id': ''}]
[2026-01-30 14:35:07,858] INFO product: 📦 ProductSerializer.create called with validated_data keys: dict_keys(['categories', 'variants', 'is_active', 'model', 'type', 'name', 'variant_type', 'brand'])
[2026-01-30 14:35:07,858] INFO product: 📦 variants in validated_data: [{'product_type': 171, 'last_purchase_price': '', 'selling_price': '600', 'discount_percentage': 0, 'sku': '55645666', 'warranty': '', 'weight': '', 'dimensions': '', 'frame_color': '', 'lens_diameter': '', 'temple_length': '', 'bridge_width': '', 'frame_shape': '', 'frame_material': '', 'lens_color': '', 'attributes': [], 'id': ''}]
[2026-01-30 14:35:07,858] INFO product: 📦 variants_data after pop: [{'product_type': 171, 'last_purchase_price': '', 'selling_price': '600', 'discount_percentage': 0, 'sku': '55645666', 'warranty': '', 'weight': '', 'dimensions': '', 'frame_color': '', 'lens_diameter': '', 'temple_length': '', 'bridge_width': '', 'frame_shape': '', 'frame_material': '', 'lens_color': '', 'attributes': [], 'id': ''}]
[2026-01-30 14:35:17,410] INFO product: 📦 ProductSerializer.create called with validated_data keys: dict_keys(['categories', 'variants', 'is_active', 'model', 'type', 'name', 'variant_type', 'brand'])
[2026-01-30 14:35:17,411] INFO product: 📦 variants in validated_data: [{'product_type': 171, 'last_purchase_price': '', 'selling_price': '600', 'discount_percentage': 0, 'sku': '556456660000', 'warranty': '', 'weight': '', 'dimensions': '', 'frame_color': '', 'lens_diameter': '', 'temple_length': '', 'bridge_width': '', 'frame_shape': '', 'frame_material': '', 'lens_color': '', 'attributes': [], 'id': ''}]
[2026-01-30 14:35:17,411] INFO product: 📦 variants_data after pop: [{'product_type': 171, 'last_purchase_price': '', 'selling_price': '600', 'discount_percentage': 0, 'sku': '556456660000', 'warranty': '', 'weight': '', 'dimensions': '', 'frame_color': '', 'lens_diameter': '', 'temple_length': '', 'bridge_width': '', 'frame_shape': '', 'frame_material': '', 'lens_color': '', 'attributes': [], 'id': ''}]
[2026-01-30 14:42:37,659] INFO product: 📦 ProductSerializer.create called with validated_data keys: dict_keys(['categories', 'variants', 'is_active', 'model', 'type', 'name', 'variant_type', 'brand'])
[2026-01-30 14:42:37,661] INFO product: 📦 variants in validated_data: [{'product_type': 171, 'last_purchase_price': '', 'selling_price': '600', 'discount_percentage': 0, 'sku': '556456660000', 'warranty': '', 'weight': '', 'dimensions': '', 'frame_color': '', 'lens_diameter': '', 'temple_length': '', 'bridge_width': '', 'frame_shape': '', 'frame_material': '', 'lens_color': '', 'attributes': [], 'id': ''}]
[2026-01-30 14:42:37,668] INFO product: 📦 variants_data after pop: [{'product_type': 171, 'last_purchase_price': '', 'selling_price': '600', 'discount_percentage': 0, 'sku': '556456660000', 'warranty': '', 'weight': '', 'dimensions': '', 'frame_color': '', 'lens_diameter': '', 'temple_length': '', 'bridge_width': '', 'frame_shape': '', 'frame_material': '', 'lens_color': '', 'attributes': [], 'id': ''}]
[2026-01-30 14:43:01,621] INFO product: 📦 ProductSerializer.create called with validated_data keys: dict_keys(['categories', 'variants', 'is_active', 'model', 'type', 'name', 'variant_type', 'brand'])
[2026-01-30 14:43:01,622] INFO product: 📦 variants in validated_data: [{'product_type': 171, 'last_purchase_price': '', 'selling_price': '600', 'discount_percentage': 0, 'sku': '556456660000', 'warranty': '', 'weight': '', 'dimensions': '', 'frame_color': '', 'lens_diameter': '', 'temple_length': '', 'bridge_width': '', 'frame_shape': '', 'frame_material': '', 'lens_color': '', 'attributes': [], 'id': ''}]
[2026-01-30 14:43:01,625] INFO product: 📦 variants_data after pop: [{'product_type': 171, 'last_purchase_price': '', 'selling_price': '600', 'discount_percentage': 0, 'sku': '556456660000', 'warranty': '', 'weight': '', 'dimensions': '', 'frame_color': '', 'lens_diameter': '', 'temple_length': '', 'bridge_width': '', 'frame_shape': '', 'frame_material': '', 'lens_color': '', 'attributes': [], 'id': ''}]
[2026-01-30 14:43:01,632] INFO product: ✅ Product created: 15 - Ray Ban 73026
[2026-01-30 14:43:01,676] INFO product: 🔍 _manage_variants called for product 15 (Ray Ban 73026)
[2026-01-30 14:43:01,686] INFO product: 📋 variants_data received: [{'product_type': 171, 'last_purchase_price': '', 'selling_price': '600', 'discount_percentage': 0, 'sku': '556456660000', 'warranty': '', 'weight': '', 'dimensions': '', 'frame_color': '', 'lens_diameter': '', 'temple_length': '', 'bridge_width': '', 'frame_shape': '', 'frame_material': '', 'lens_color': '', 'attributes': [], 'id': ''}]
[2026-01-30 14:43:01,720] INFO product: FK fields for FrameVariant: ['images', 'price_rules', 'marketing', 'reviews', 'questions', 'offers', 'stocks', 'stocktransferitem', 'partnerpricelistitem', 'orderitem_variant', 'invoiceitem_variant', 'product', 'product_type', 'warranty', 'weight', 'dimensions', 'productvariant_ptr', 'frame_color', 'lens_diameter', 'temple_length', 'bridge_width', 'frame_shape', 'frame_material', 'lens_color']
[2026-01-30 14:43:01,720] INFO product: Converted FK field: product_type=171 -> product_type_id=171
[2026-01-30 14:43:01,720] INFO product: clean_vdata for variant: {'product_type_id': 171, 'selling_price': '600', 'discount_percentage': 0, 'sku': '556456660000'}
[2026-01-30 14:43:01,721] INFO product: M2M fields for FrameVariant: []
[2026-01-30 14:43:01,721] INFO product: Creating variant with data: {'product_type_id': 171, 'selling_price': '600', 'discount_percentage': 0, 'sku': '556456660000'}
[2026-01-30 14:46:59,030] INFO product: 📦 ProductSerializer.create called with validated_data keys: dict_keys(['categories', 'variants', 'is_active', 'model', 'type', 'name', 'variant_type', 'brand'])
[2026-01-30 14:46:59,030] INFO product: 📦 variants in validated_data: [{'product_type': 171, 'last_purchase_price': '', 'selling_price': '600', 'discount_percentage': 0, 'sku': '556456660000', 'warranty': '', 'weight': '', 'dimensions': '', 'frame_color': '', 'lens_diameter': '', 'temple_length': '', 'bridge_width': '', 'frame_shape': '', 'frame_material': '', 'lens_color': '', 'attributes': [], 'id': ''}]
[2026-01-30 14:46:59,031] INFO product: 📦 variants_data after pop: [{'product_type': 171, 'last_purchase_price': '', 'selling_price': '600', 'discount_percentage': 0, 'sku': '556456660000', 'warranty': '', 'weight': '', 'dimensions': '', 'frame_color': '', 'lens_diameter': '', 'temple_length': '', 'bridge_width': '', 'frame_shape': '', 'frame_material': '', 'lens_color': '', 'attributes': [], 'id': ''}]
[2026-01-30 14:47:18,613] INFO product: 📦 ProductSerializer.create called with validated_data keys: dict_keys(['categories', 'variants', 'is_active', 'model', 'type', 'name', 'variant_type', 'brand'])
[2026-01-30 14:47:18,614] INFO product: 📦 variants in validated_data: [{'product_type': 171, 'last_purchase_price': '', 'selling_price': '600', 'discount_percentage': 0, 'sku': '556456660000', 'warranty': '', 'weight': '', 'dimensions': '', 'frame_color': '', 'lens_diameter': '', 'temple_length': '', 'bridge_width': '', 'frame_shape': '', 'frame_material': '', 'lens_color': '', 'attributes': [], 'id': ''}]
[2026-01-30 14:47:18,616] INFO product: 📦 variants_data after pop: [{'product_type': 171, 'last_purchase_price': '', 'selling_price': '600', 'discount_percentage': 0, 'sku': '556456660000', 'warranty': '', 'weight': '', 'dimensions': '', 'frame_color': '', 'lens_diameter': '', 'temple_length': '', 'bridge_width': '', 'frame_shape': '', 'frame_material': '', 'lens_color': '', 'attributes': [], 'id': ''}]
[2026-01-30 14:47:18,620] INFO product: ✅ Product created: 17 - Ray Ban 173026
[2026-01-30 14:47:18,630] INFO product: 🔍 _manage_variants called for product 17 (Ray Ban 173026)
[2026-01-30 14:47:18,630] INFO product: 📋 variants_data received: [{'product_type': 171, 'last_purchase_price': '', 'selling_price': '600', 'discount_percentage': 0, 'sku': '556456660000', 'warranty': '', 'weight': '', 'dimensions': '', 'frame_color': '', 'lens_diameter': '', 'temple_length': '', 'bridge_width': '', 'frame_shape': '', 'frame_material': '', 'lens_color': '', 'attributes': [], 'id': ''}]
[2026-01-30 14:47:18,642] INFO product: FK fields for FrameVariant: ['images', 'price_rules', 'marketing', 'reviews', 'questions', 'offers', 'stocks', 'stocktransferitem', 'partnerpricelistitem', 'orderitem_variant', 'invoiceitem_variant', 'product', 'product_type', 'warranty', 'weight', 'dimensions', 'productvariant_ptr', 'frame_color', 'lens_diameter', 'temple_length', 'bridge_width', 'frame_shape', 'frame_material', 'lens_color']
[2026-01-30 14:47:18,642] INFO product: Converted FK field: product_type=171 -> product_type_id=171
[2026-01-30 14:47:18,642] INFO product: clean_vdata for variant: {'product_type_id': 171, 'selling_price': '600', 'discount_percentage': 0, 'sku': '556456660000'}
[2026-01-30 14:47:18,643] INFO product: M2M fields for FrameVariant: []
[2026-01-30 14:47:18,643] INFO product: Creating variant with data: {'product_type_id': 171, 'selling_price': '600', 'discount_percentage': 0, 'sku': '556456660000'}
[2026-01-30 14:47:30,045] INFO product: 📦 ProductSerializer.create called with validated_data keys: dict_keys(['categories', 'variants', 'is_active', 'model', 'type', 'name', 'variant_type', 'brand'])
[2026-01-30 14:47:30,046] INFO product: 📦 variants in validated_data: [{'product_type': 171, 'last_purchase_price': '', 'selling_price': '600', 'discount_percentage': 0, 'sku': '556456660000', 'warranty': '', 'weight': '', 'dimensions': '', 'frame_color': '', 'lens_diameter': '', 'temple_length': '', 'bridge_width': '', 'frame_shape': '', 'frame_material': '', 'lens_color': '', 'attributes': [], 'id': ''}]
[2026-01-30 14:47:30,046] INFO product: 📦 variants_data after pop: [{'product_type': 171, 'last_purchase_price': '', 'selling_price': '600', 'discount_percentage': 0, 'sku': '556456660000', 'warranty': '', 'weight': '', 'dimensions': '', 'frame_color': '', 'lens_diameter': '', 'temple_length': '', 'bridge_width': '', 'frame_shape': '', 'frame_material': '', 'lens_color': '', 'attributes': [], 'id': ''}]
[2026-01-30 14:54:35,611] INFO product: 📦 ProductSerializer.create called with validated_data keys: dict_keys(['categories', 'variants', 'is_active', 'model', 'type', 'name', 'variant_type', 'brand'])
[2026-01-30 14:54:35,612] INFO product: 📦 variants in validated_data: [{'product_type': 171, 'last_purchase_price': '', 'selling_price': '600', 'discount_percentage': 0, 'sku': '556456660000', 'warranty': '', 'weight': '', 'dimensions': '', 'frame_color': '', 'lens_diameter': '', 'temple_length': '', 'bridge_width': '', 'frame_shape': '', 'frame_material': '', 'lens_color': '', 'attributes': [], 'id': ''}]
[2026-01-30 14:54:35,613] INFO product: 📦 variants_data after pop: [{'product_type': 171, 'last_purchase_price': '', 'selling_price': '600', 'discount_percentage': 0, 'sku': '556456660000', 'warranty': '', 'weight': '', 'dimensions': '', 'frame_color': '', 'lens_diameter': '', 'temple_length': '', 'bridge_width': '', 'frame_shape': '', 'frame_material': '', 'lens_color': '', 'attributes': [], 'id': ''}]
[2026-01-30 14:54:57,040] INFO product: 📦 ProductSerializer.create called with validated_data keys: dict_keys(['categories', 'variants', 'is_active', 'model', 'type', 'name', 'variant_type', 'brand'])
[2026-01-30 14:54:57,042] INFO product: 📦 variants in validated_data: [{'product_type': 171, 'last_purchase_price': '', 'selling_price': '600', 'discount_percentage': 0, 'sku': '556456660000', 'warranty': '', 'weight': '', 'dimensions': '', 'frame_color': '', 'lens_diameter': '', 'temple_length': '', 'bridge_width': '', 'frame_shape': '', 'frame_material': '', 'lens_color': '', 'attributes': [], 'id': ''}]
[2026-01-30 14:54:57,044] INFO product: 📦 variants_data after pop: [{'product_type': 171, 'last_purchase_price': '', 'selling_price': '600', 'discount_percentage': 0, 'sku': '556456660000', 'warranty': '', 'weight': '', 'dimensions': '', 'frame_color': '', 'lens_diameter': '', 'temple_length': '', 'bridge_width': '', 'frame_shape': '', 'frame_material': '', 'lens_color': '', 'attributes': [], 'id': ''}]
[2026-01-30 14:54:57,048] INFO product: ✅ Product created: 20 - Vouge 173026
[2026-01-30 14:54:57,067] INFO product: 🔍 _manage_variants called for product 20 (Vouge 173026)
[2026-01-30 14:54:57,069] INFO product: 📋 variants_data received: [{'product_type': 171, 'last_purchase_price': '', 'selling_price': '600', 'discount_percentage': 0, 'sku': '556456660000', 'warranty': '', 'weight': '', 'dimensions': '', 'frame_color': '', 'lens_diameter': '', 'temple_length': '', 'bridge_width': '', 'frame_shape': '', 'frame_material': '', 'lens_color': '', 'attributes': [], 'id': ''}]
[2026-01-30 14:54:57,079] INFO product: FK fields for FrameVariant: ['images', 'price_rules', 'marketing', 'reviews', 'questions', 'offers', 'stocks', 'stocktransferitem', 'partnerpricelistitem', 'orderitem_variant', 'invoiceitem_variant', 'product', 'product_type', 'warranty', 'weight', 'dimensions', 'productvariant_ptr', 'frame_color', 'lens_diameter', 'temple_length', 'bridge_width', 'frame_shape', 'frame_material', 'lens_color']
[2026-01-30 14:54:57,079] INFO product: Converted FK field: product_type=171 -> product_type_id=171
[2026-01-30 14:54:57,081] INFO product: clean_vdata for variant: {'product_type_id': 171, 'selling_price': '600', 'discount_percentage': 0, 'sku': '556456660000'}
[2026-01-30 14:54:57,082] INFO product: M2M fields for FrameVariant: []
[2026-01-30 14:54:57,082] INFO product: Creating variant with data: {'product_type_id': 171, 'selling_price': '600', 'discount_percentage': 0, 'sku': '556456660000'}
[2026-01-31 01:47:35,923] INFO product: 📦 ProductSerializer.create called with validated_data keys: dict_keys(['categories', 'variants', 'is_active', 'model', 'type', 'name', 'variant_type', 'brand'])
[2026-01-31 01:47:35,926] INFO product: 📦 variants in validated_data: []
[2026-01-31 01:47:35,927] INFO product: 📦 variants_data after pop: []
[2026-01-31 01:47:35,946] INFO product: ✅ Product created: 21 - 3025
[2026-01-31 01:47:35,962] INFO product: 🔍 _manage_variants called for product 21 (3025)
[2026-01-31 01:47:35,963] INFO product: 📋 variants_data received: []
[2026-01-31 01:47:35,964] WARNING product: ⚠️ variants_data is empty or None, skipping variant creation
[2026-01-31 01:52:51,036] INFO product: 🔍 _manage_variants called for product 2 (Avtor)
[2026-01-31 01:52:51,038] INFO product: 📋 variants_data received: [{'product_type': 171, 'last_purchase_price': '', 'selling_price': '500', 'discount_percentage': '30', 'sku': '', 'warranty': 182, 'weight': '', 'dimensions': '', 'frame_color': 13, 'lens_diameter': 119, 'temple_length': 20, 'bridge_width': 113, 'frame_shape': 1, 'frame_material': 5, 'lens_color': 18, 'attributes': [], 'id': ''}]
[2026-01-31 01:52:51,039] INFO product: FK fields for FrameVariant: ['images', 'price_rules', 'marketing', 'reviews', 'questions', 'offers', 'stocks', 'stocktransferitem', 'partnerpricelistitem', 'orderitem_variant', 'invoiceitem_variant', 'product', 'product_type', 'warranty', 'weight', 'dimensions', 'productvariant_ptr', 'frame_color', 'lens_diameter', 'temple_length', 'bridge_width', 'frame_shape', 'frame_material', 'lens_color']
[2026-01-31 01:52:51,040] INFO product: Converted FK field: product_type=171 -> product_type_id=171
[2026-01-31 01:52:51,040] INFO product: Converted FK field: warranty=182 -> warranty_id=182
[2026-01-31 01:52:51,043] INFO product: Converted FK field: frame_color=13 -> frame_color_id=13
[2026-01-31 01:52:51,046] INFO product: Converted FK field: lens_diameter=119 -> lens_diameter_id=119
[2026-01-31 01:52:51,046] INFO product: Converted FK field: temple_length=20 -> temple_length_id=20
[2026-01-31 01:52:51,047] INFO product: Converted FK field: bridge_width=113 -> bridge_width_id=113
[2026-01-31 01:52:51,047] INFO product: Converted FK field: frame_shape=1 -> frame_shape_id=1
[2026-01-31 01:52:51,047] INFO product: Converted FK field: frame_material=5 -> frame_material_id=5
[2026-01-31 01:52:51,048] INFO product: Converted FK field: lens_color=18 -> lens_color_id=18
[2026-01-31 01:52:51,048] INFO product: clean_vdata for variant: {'product_type_id': 171, 'selling_price': '500', 'discount_percentage': '30', 'warranty_id': 182, 'frame_color_id': 13, 'lens_diameter_id': 119, 'temple_length_id': 20, 'bridge_width_id': 113, 'frame_shape_id': 1, 'frame_material_id': 5, 'lens_color_id': 18}
[2026-01-31 01:52:51,048] INFO product: M2M fields for FrameVariant: []
[2026-01-31 01:52:51,048] INFO product: Creating variant with data: {'product_type_id': 171, 'selling_price': '500', 'discount_percentage': '30', 'warranty_id': 182, 'frame_color_id': 13, 'lens_diameter_id': 119, 'temple_length_id': 20, 'bridge_width_id': 113, 'frame_shape_id': 1, 'frame_material_id': 5, 'lens_color_id': 18}
[2026-01-31 01:53:36,183] INFO product: 🔍 _manage_variants called for product 2 (Avtor)
[2026-01-31 01:53:36,186] INFO product: 📋 variants_data received: [{'product_type': 171, 'last_purchase_price': '', 'selling_price': '500', 'discount_percentage': '30', 'sku': '', 'warranty': 182, 'weight': '', 'dimensions': '', 'frame_color': 13, 'lens_diameter': 119, 'temple_length': 20, 'bridge_width': 113, 'frame_shape': 1, 'frame_material': 5, 'lens_color': 18, 'attributes': [], 'id': ''}]
[2026-01-31 01:53:36,234] INFO product: FK fields for FrameVariant: ['images', 'price_rules', 'marketing', 'reviews', 'questions', 'offers', 'stocks', 'stocktransferitem', 'partnerpricelistitem', 'orderitem_variant', 'invoiceitem_variant', 'product', 'product_type', 'warranty', 'weight', 'dimensions', 'productvariant_ptr', 'frame_color', 'lens_diameter', 'temple_length', 'bridge_width', 'frame_shape', 'frame_material', 'lens_color']
[2026-01-31 01:53:36,234] INFO product: Converted FK field: product_type=171 -> product_type_id=171
[2026-01-31 01:53:36,234] INFO product: Converted FK field: warranty=182 -> warranty_id=182
[2026-01-31 01:53:36,235] INFO product: Converted FK field: frame_color=13 -> frame_color_id=13
[2026-01-31 01:53:36,235] INFO product: Converted FK field: lens_diameter=119 -> lens_diameter_id=119
[2026-01-31 01:53:36,236] INFO product: Converted FK field: temple_length=20 -> temple_length_id=20
[2026-01-31 01:53:36,236] INFO product: Converted FK field: bridge_width=113 -> bridge_width_id=113
[2026-01-31 01:53:36,236] INFO product: Converted FK field: frame_shape=1 -> frame_shape_id=1
[2026-01-31 01:53:36,236] INFO product: Converted FK field: frame_material=5 -> frame_material_id=5
[2026-01-31 01:53:36,236] INFO product: Converted FK field: lens_color=18 -> lens_color_id=18
[2026-01-31 01:53:36,236] INFO product: clean_vdata for variant: {'product_type_id': 171, 'selling_price': '500', 'discount_percentage': '30', 'warranty_id': 182, 'frame_color_id': 13, 'lens_diameter_id': 119, 'temple_length_id': 20, 'bridge_width_id': 113, 'frame_shape_id': 1, 'frame_material_id': 5, 'lens_color_id': 18}
[2026-01-31 01:53:36,236] INFO product: M2M fields for FrameVariant: []
[2026-01-31 01:53:36,237] INFO product: Creating variant with data: {'product_type_id': 171, 'selling_price': '500', 'discount_percentage': '30', 'warranty_id': 182, 'frame_color_id': 13, 'lens_diameter_id': 119, 'temple_length_id': 20, 'bridge_width_id': 113, 'frame_shape_id': 1, 'frame_material_id': 5, 'lens_color_id': 18}
[2026-01-31 03:01:37,957] INFO product: 🔍 _manage_variants called for product 3 (Ovel)
[2026-01-31 03:01:37,969] INFO product: 📋 variants_data received: [{'product_type': 171, 'last_purchase_price': '', 'selling_price': '600', 'discount_percentage': '020', 'sku': '', 'warranty': '', 'weight': '', 'dimensions': '', 'frame_color': '', 'lens_diameter': '', 'temple_length': '', 'bridge_width': '', 'frame_shape': '', 'frame_material': '', 'lens_color': '', 'attributes': [], 'id': ''}]
[2026-01-31 03:01:37,978] INFO product: FK fields for FrameVariant: ['images', 'price_rules', 'marketing', 'reviews', 'questions', 'offers', 'stocks', 'stocktransferitem', 'partnerpricelistitem', 'orderitem_variant', 'invoiceitem_variant', 'product', 'product_type', 'warranty', 'weight', 'dimensions', 'productvariant_ptr', 'frame_color', 'lens_diameter', 'temple_length', 'bridge_width', 'frame_shape', 'frame_material', 'lens_color']
[2026-01-31 03:01:37,982] INFO product: Converted FK field: product_type=171 -> product_type_id=171
[2026-01-31 03:01:37,984] INFO product: clean_vdata for variant: {'product_type_id': 171, 'selling_price': '600', 'discount_percentage': '020'}
[2026-01-31 03:01:37,984] INFO product: M2M fields for FrameVariant: []
[2026-01-31 03:01:37,984] INFO product: Creating variant with data: {'product_type_id': 171, 'selling_price': '600', 'discount_percentage': '020'}
[2026-01-31 03:05:25,547] INFO product: 🔍 _manage_variants called for product 3 (Ovel)
[2026-01-31 03:05:25,551] INFO product: 📋 variants_data received: [{'product_type': 171, 'last_purchase_price': '', 'selling_price': '600', 'discount_percentage': '020', 'sku': '', 'warranty': '', 'weight': '', 'dimensions': '', 'frame_color': '', 'lens_diameter': '', 'temple_length': '', 'bridge_width': '', 'frame_shape': '', 'frame_material': '', 'lens_color': '', 'attributes': [], 'id': ''}]
[2026-01-31 03:05:25,552] INFO product: FK fields for FrameVariant: ['images', 'price_rules', 'marketing', 'reviews', 'questions', 'offers', 'stocks', 'stocktransferitem', 'partnerpricelistitem', 'orderitem_variant', 'invoiceitem_variant', 'product', 'product_type', 'warranty', 'weight', 'dimensions', 'productvariant_ptr', 'frame_color', 'lens_diameter', 'temple_length', 'bridge_width', 'frame_shape', 'frame_material', 'lens_color']
[2026-01-31 03:05:25,553] INFO product: Converted FK field: product_type=171 -> product_type_id=171
[2026-01-31 03:05:25,554] INFO product: clean_vdata for variant: {'product_type_id': 171, 'selling_price': '600', 'discount_percentage': '020'}
[2026-01-31 03:05:25,555] INFO product: M2M fields for FrameVariant: []
[2026-01-31 03:05:25,556] INFO product: Creating variant with data: {'product_type_id': 171, 'selling_price': '600', 'discount_percentage': '020'}
[2026-01-31 03:06:03,380] INFO product: 🔍 _manage_variants called for product 3 (Ovel)
[2026-01-31 03:06:03,382] INFO product: 📋 variants_data received: [{'product_type': 171, 'last_purchase_price': '', 'selling_price': '600', 'discount_percentage': '020', 'sku': '', 'warranty': '', 'weight': '', 'dimensions': '', 'frame_color': '', 'lens_diameter': '', 'temple_length': '', 'bridge_width': '', 'frame_shape': '', 'frame_material': '', 'lens_color': '', 'attributes': [], 'id': ''}]
[2026-01-31 03:06:03,384] INFO product: FK fields for FrameVariant: ['images', 'price_rules', 'marketing', 'reviews', 'questions', 'offers', 'stocks', 'stocktransferitem', 'partnerpricelistitem', 'orderitem_variant', 'invoiceitem_variant', 'product', 'product_type', 'warranty', 'weight', 'dimensions', 'productvariant_ptr', 'frame_color', 'lens_diameter', 'temple_length', 'bridge_width', 'frame_shape', 'frame_material', 'lens_color']
[2026-01-31 03:06:03,385] INFO product: Converted FK field: product_type=171 -> product_type_id=171
[2026-01-31 03:06:03,386] INFO product: clean_vdata for variant: {'product_type_id': 171, 'selling_price': '600', 'discount_percentage': '020'}
[2026-01-31 03:06:03,388] INFO product: M2M fields for FrameVariant: []
[2026-01-31 03:06:03,392] INFO product: Creating variant with data: {'product_type_id': 171, 'selling_price': '600', 'discount_percentage': '020'}
[2026-01-31 03:12:19,744] INFO product: 🔍 _manage_variants called for product 3 (Ovel)
[2026-01-31 03:12:19,746] INFO product: 📋 variants_data received: [{'product_type': 171, 'last_purchase_price': '', 'selling_price': '600', 'discount_percentage': '020', 'sku': '', 'warranty': '', 'weight': '', 'dimensions': '', 'frame_color': '', 'lens_diameter': '', 'temple_length': '', 'bridge_width': '', 'frame_shape': '', 'frame_material': '', 'lens_color': '', 'attributes': [], 'id': ''}]
[2026-01-31 03:12:19,746] INFO product: FK fields for FrameVariant: ['images', 'price_rules', 'marketing', 'reviews', 'questions', 'offers', 'stocks', 'stocktransferitem', 'partnerpricelistitem', 'orderitem_variant', 'invoiceitem_variant', 'product', 'product_type', 'warranty', 'weight', 'dimensions', 'productvariant_ptr', 'frame_color', 'lens_diameter', 'temple_length', 'bridge_width', 'frame_shape', 'frame_material', 'lens_color']
[2026-01-31 03:12:19,747] INFO product: Converted FK field: product_type=171 -> product_type_id=171
[2026-01-31 03:12:19,747] INFO product: clean_vdata for variant: {'product_type_id': 171, 'selling_price': '600', 'discount_percentage': '020'}
[2026-01-31 03:12:19,747] INFO product: M2M fields for FrameVariant: []
[2026-01-31 03:12:19,747] INFO product: Creating variant with data: {'product_type_id': 171, 'selling_price': '600', 'discount_percentage': '020'}
[2026-01-31 03:12:19,802] ERROR product: Validation errors found in variants: [{'frame_color': ['This field cannot be null.'], 'lens_diameter': ['This field cannot be null.'], 'temple_length': ['This field cannot be null.'], 'bridge_width': ['This field cannot be null.']}]
[2026-01-31 03:12:34,919] INFO product: 🔍 _manage_variants called for product 3 (Ovel)
[2026-01-31 03:12:34,919] INFO product: 📋 variants_data received: [{'product_type': 171, 'last_purchase_price': '', 'selling_price': '600', 'discount_percentage': '020', 'sku': '', 'warranty': '', 'weight': '', 'dimensions': '', 'frame_color': '', 'lens_diameter': '', 'temple_length': '', 'bridge_width': '', 'frame_shape': '', 'frame_material': '', 'lens_color': '', 'attributes': [], 'id': ''}]
[2026-01-31 03:12:34,922] INFO product: FK fields for FrameVariant: ['images', 'price_rules', 'marketing', 'reviews', 'questions', 'offers', 'stocks', 'stocktransferitem', 'partnerpricelistitem', 'orderitem_variant', 'invoiceitem_variant', 'product', 'product_type', 'warranty', 'weight', 'dimensions', 'productvariant_ptr', 'frame_color', 'lens_diameter', 'temple_length', 'bridge_width', 'frame_shape', 'frame_material', 'lens_color']
[2026-01-31 03:12:34,923] INFO product: Converted FK field: product_type=171 -> product_type_id=171
[2026-01-31 03:12:34,924] INFO product: clean_vdata for variant: {'product_type_id': 171, 'selling_price': '600', 'discount_percentage': '020'}
[2026-01-31 03:12:34,925] INFO product: M2M fields for FrameVariant: []
[2026-01-31 03:12:34,926] INFO product: Creating variant with data: {'product_type_id': 171, 'selling_price': '600', 'discount_percentage': '020'}
[2026-01-31 03:12:34,960] ERROR product: Validation errors found in variants: [{'frame_color': ['This field cannot be null.'], 'lens_diameter': ['This field cannot be null.'], 'temple_length': ['This field cannot be null.'], 'bridge_width': ['This field cannot be null.']}]
[2026-01-31 03:13:26,018] INFO product: 🔍 _manage_variants called for product 3 (Ovel)
[2026-01-31 03:13:26,019] INFO product: 📋 variants_data received: [{'product_type': 171, 'last_purchase_price': '', 'selling_price': '600', 'discount_percentage': '020', 'sku': '', 'warranty': '', 'weight': '', 'dimensions': '', 'frame_color': 9, 'lens_diameter': 118, 'temple_length': 20, 'bridge_width': 91, 'frame_shape': '', 'frame_material': '', 'lens_color': '', 'attributes': [], 'id': ''}]
[2026-01-31 03:13:26,020] INFO product: FK fields for FrameVariant: ['images', 'price_rules', 'marketing', 'reviews', 'questions', 'offers', 'stocks', 'stocktransferitem', 'partnerpricelistitem', 'orderitem_variant', 'invoiceitem_variant', 'product', 'product_type', 'warranty', 'weight', 'dimensions', 'productvariant_ptr', 'frame_color', 'lens_diameter', 'temple_length', 'bridge_width', 'frame_shape', 'frame_material', 'lens_color']
[2026-01-31 03:13:26,022] INFO product: Converted FK field: product_type=171 -> product_type_id=171
[2026-01-31 03:13:26,023] INFO product: Converted FK field: frame_color=9 -> frame_color_id=9
[2026-01-31 03:13:26,023] INFO product: Converted FK field: lens_diameter=118 -> lens_diameter_id=118
[2026-01-31 03:13:26,026] INFO product: Converted FK field: temple_length=20 -> temple_length_id=20
[2026-01-31 03:13:26,027] INFO product: Converted FK field: bridge_width=91 -> bridge_width_id=91
[2026-01-31 03:13:26,027] INFO product: clean_vdata for variant: {'product_type_id': 171, 'selling_price': '600', 'discount_percentage': '020', 'frame_color_id': 9, 'lens_diameter_id': 118, 'temple_length_id': 20, 'bridge_width_id': 91}
[2026-01-31 03:13:26,027] INFO product: M2M fields for FrameVariant: []
[2026-01-31 03:13:26,028] INFO product: Creating variant with data: {'product_type_id': 171, 'selling_price': '600', 'discount_percentage': '020', 'frame_color_id': 9, 'lens_diameter_id': 118, 'temple_length_id': 20, 'bridge_width_id': 91}
[2026-01-31 03:13:56,692] INFO product: 🔍 _manage_variants called for product 3 (Ovel)
[2026-01-31 03:13:56,692] INFO product: 📋 variants_data received: [{'product_type': 171, 'last_purchase_price': '', 'selling_price': '600', 'discount_percentage': '020', 'sku': '', 'warranty': '', 'weight': '', 'dimensions': '', 'frame_color': 9, 'lens_diameter': 118, 'temple_length': 20, 'bridge_width': 91, 'frame_shape': '', 'frame_material': '', 'lens_color': '', 'attributes': [], 'id': ''}]
[2026-01-31 03:13:56,723] INFO product: FK fields for FrameVariant: ['images', 'price_rules', 'marketing', 'reviews', 'questions', 'offers', 'stocks', 'stocktransferitem', 'partnerpricelistitem', 'orderitem_variant', 'invoiceitem_variant', 'product', 'product_type', 'warranty', 'weight', 'dimensions', 'productvariant_ptr', 'frame_color', 'lens_diameter', 'temple_length', 'bridge_width', 'frame_shape', 'frame_material', 'lens_color']
[2026-01-31 03:13:56,723] INFO product: Converted FK field: product_type=171 -> product_type_id=171
[2026-01-31 03:13:56,723] INFO product: Converted FK field: frame_color=9 -> frame_color_id=9
[2026-01-31 03:13:56,724] INFO product: Converted FK field: lens_diameter=118 -> lens_diameter_id=118
[2026-01-31 03:13:56,724] INFO product: Converted FK field: temple_length=20 -> temple_length_id=20
[2026-01-31 03:13:56,728] INFO product: Converted FK field: bridge_width=91 -> bridge_width_id=91
[2026-01-31 03:13:56,729] INFO product: clean_vdata for variant: {'product_type_id': 171, 'selling_price': '600', 'discount_percentage': '020', 'frame_color_id': 9, 'lens_diameter_id': 118, 'temple_length_id': 20, 'bridge_width_id': 91}
[2026-01-31 03:13:56,729] INFO product: M2M fields for FrameVariant: []
[2026-01-31 03:13:56,730] INFO product: Creating variant with data: {'product_type_id': 171, 'selling_price': '600', 'discount_percentage': '020', 'frame_color_id': 9, 'lens_diameter_id': 118, 'temple_length_id': 20, 'bridge_width_id': 91}
[2026-01-31 03:13:56,884] ERROR product: Unexpected error creating variant: duplicate key value violates unique constraint "products_productvariant_usku_key"
DETAIL:  Key (usku)=(V-FR-RA-1013-4E074085) already exists.

[2026-01-31 03:13:56,886] ERROR product: Validation errors found in variants: [{'non_field_errors': ['duplicate key value violates unique constraint "products_productvariant_usku_key"\nDETAIL:  Key (usku)=(V-FR-RA-1013-4E074085) already exists.\n']}]
[2026-01-31 13:51:07,292] INFO product: 📦 ProductSerializer.create called with validated_data keys: dict_keys(['categories', 'variants', 'is_active', 'model', 'main_group', 'variant_type', 'brand'])
[2026-01-31 13:51:07,297] INFO product: 📦 variants in validated_data: [{'product_type': 171, 'selling_price': '900', 'discount_percentage': '20', 'factory_code': '', 'warranty': 183, 'weight': 207, 'dimensions': 184, 'attributes': [], 'id': ''}]
[2026-01-31 13:51:07,297] INFO product: 📦 variants_data after pop: [{'product_type': 171, 'selling_price': '900', 'discount_percentage': '20', 'factory_code': '', 'warranty': 183, 'weight': 207, 'dimensions': 184, 'attributes': [], 'id': ''}]
[2026-01-31 13:51:07,312] INFO product: ✅ Product created: 16 - Ray Ban 3019
[2026-01-31 13:51:07,339] INFO product: 🔍 _manage_variants called for product 16 (Ray Ban 3019)
[2026-01-31 13:51:07,340] INFO product: 📋 variants_data received: [{'product_type': 171, 'selling_price': '900', 'discount_percentage': '20', 'factory_code': '', 'warranty': 183, 'weight': 207, 'dimensions': 184, 'attributes': [], 'id': ''}]
[2026-01-31 13:51:07,363] INFO product: FK fields for ProductVariant: ['framevariant', 'stoklensvariant', 'rxlensvariant', 'contactlensvariant', 'images', 'price_rules', 'marketing', 'reviews', 'questions', 'offers', 'stocks', 'stocktransferitem', 'partnerpricelistitem', 'orderitem_variant', 'invoiceitem_variant', 'product', 'product_type', 'warranty', 'weight', 'dimensions']
[2026-01-31 13:51:07,366] INFO product: Converted FK field: product_type=171 -> product_type_id=171
[2026-01-31 13:51:07,369] INFO product: Converted FK field: warranty=183 -> warranty_id=183
[2026-01-31 13:51:07,372] INFO product: Converted FK field: weight=207 -> weight_id=207
[2026-01-31 13:51:07,374] INFO product: Converted FK field: dimensions=184 -> dimensions_id=184
[2026-01-31 13:51:07,378] INFO product: clean_vdata for variant: {'product_type_id': 171, 'selling_price': '900', 'discount_percentage': '20', 'warranty_id': 183, 'weight_id': 207, 'dimensions_id': 184}
[2026-01-31 13:51:07,381] INFO product: M2M fields for ProductVariant: []
[2026-01-31 13:51:07,386] INFO product: Creating variant with data: {'product_type_id': 171, 'selling_price': '900', 'discount_percentage': '20', 'warranty_id': 183, 'weight_id': 207, 'dimensions_id': 184}
[2026-02-02 01:48:46,569] INFO product: 📦 ProductSerializer.create called with validated_data keys: dict_keys(['categories', 'variants', 'is_active', 'model', 'main_group', 'variant_type', 'brand'])
[2026-02-02 01:48:46,572] INFO product: 📦 variants in validated_data: [{'product_type': 171, 'selling_price': '300', 'discount_percentage': 0, 'factory_code': '', 'warranty': '', 'weight': '', 'dimensions': '', 'frame_color': '', 'lens_diameter': '', 'temple_length': '', 'bridge_width': '', 'frame_shape': '', 'frame_material': '', 'lens_color': '', 'attributes': [], 'id': ''}]
[2026-02-02 01:48:46,573] INFO product: 📦 variants_data after pop: [{'product_type': 171, 'selling_price': '300', 'discount_percentage': 0, 'factory_code': '', 'warranty': '', 'weight': '', 'dimensions': '', 'frame_color': '', 'lens_diameter': '', 'temple_length': '', 'bridge_width': '', 'frame_shape': '', 'frame_material': '', 'lens_color': '', 'attributes': [], 'id': ''}]
[2026-02-02 01:48:46,610] INFO product: ✅ Product created: 16 - Ray Ban 3019
[2026-02-02 01:48:46,635] INFO product: 🔍 _manage_variants called for product 16 (Ray Ban 3019)
[2026-02-02 01:48:46,635] INFO product: 📋 variants_data received: [{'product_type': 171, 'selling_price': '300', 'discount_percentage': 0, 'factory_code': '', 'warranty': '', 'weight': '', 'dimensions': '', 'frame_color': '', 'lens_diameter': '', 'temple_length': '', 'bridge_width': '', 'frame_shape': '', 'frame_material': '', 'lens_color': '', 'attributes': [], 'id': ''}]
[2026-02-02 01:48:46,660] INFO product: FK fields for FrameVariant: ['images', 'price_rules', 'marketing', 'reviews', 'questions', 'offers', 'stocks', 'stocktransferitem', 'partnerpricelistitem', 'orderitem_variant', 'invoiceitem_variant', 'product', 'product_type', 'warranty', 'weight', 'dimensions', 'productvariant_ptr', 'frame_color', 'lens_diameter', 'temple_length', 'bridge_width', 'frame_shape', 'frame_material', 'lens_color']
[2026-02-02 01:48:46,660] INFO product: Converted FK field: product_type=171 -> product_type_id=171
[2026-02-02 01:48:46,660] INFO product: clean_vdata for variant: {'product_type_id': 171, 'selling_price': '300', 'discount_percentage': 0}
[2026-02-02 01:48:46,661] INFO product: M2M fields for FrameVariant: []
[2026-02-02 01:48:46,664] INFO product: Creating variant with data: {'product_type_id': 171, 'selling_price': '300', 'discount_percentage': 0}
[2026-02-02 01:48:46,700] ERROR product: Validation errors found in variants: [{'frame_color': ['This field cannot be null.'], 'lens_diameter': ['This field cannot be null.'], 'temple_length': ['This field cannot be null.'], 'bridge_width': ['This field cannot be null.']}]
[2026-02-02 11:03:01,535] INFO product: 📦 ProductSerializer.create called with validated_data keys: dict_keys(['categories', 'variants', 'is_active', 'model', 'main_group', 'variant_type', 'brand'])
[2026-02-02 11:03:01,537] INFO product: 📦 variants in validated_data: [{'product_type': 171, 'selling_price': '6000', 'discount_percentage': '020', 'factory_code': '111', 'warranty': 182, 'weight': 206, 'dimensions': 186, 'frame_color': 11, 'lens_diameter': 122, 'temple_length': 21, 'bridge_width': 91, 'frame_shape': 1, 'frame_material': 5, 'lens_color': 9, 'attributes': [], 'id': ''}]
[2026-02-02 11:03:01,538] INFO product: 📦 variants_data after pop: [{'product_type': 171, 'selling_price': '6000', 'discount_percentage': '020', 'factory_code': '111', 'warranty': 182, 'weight': 206, 'dimensions': 186, 'frame_color': 11, 'lens_diameter': 122, 'temple_length': 21, 'bridge_width': 91, 'frame_shape': 1, 'frame_material': 5, 'lens_color': 9, 'attributes': [], 'id': ''}]
[2026-02-02 11:03:01,554] INFO product: ✅ Product created: 17 - Ray Ban 5466
[2026-02-02 11:03:01,569] INFO product: 🔍 _manage_variants called for product 17 (Ray Ban 5466)
[2026-02-02 11:03:01,569] INFO product: 📋 variants_data received: [{'product_type': 171, 'selling_price': '6000', 'discount_percentage': '020', 'factory_code': '111', 'warranty': 182, 'weight': 206, 'dimensions': 186, 'frame_color': 11, 'lens_diameter': 122, 'temple_length': 21, 'bridge_width': 91, 'frame_shape': 1, 'frame_material': 5, 'lens_color': 9, 'attributes': [], 'id': ''}]
[2026-02-02 11:03:01,586] INFO product: FK fields for FrameVariant: ['images', 'price_rules', 'marketing', 'reviews', 'questions', 'offers', 'stocks', 'stocktransferitem', 'partnerpricelistitem', 'orderitem_variant', 'invoiceitem_variant', 'product', 'product_type', 'warranty', 'weight', 'dimensions', 'productvariant_ptr', 'frame_color', 'lens_diameter', 'temple_length', 'bridge_width', 'frame_shape', 'frame_material', 'lens_color']
[2026-02-02 11:03:01,587] INFO product: Converted FK field: product_type=171 -> product_type_id=171
[2026-02-02 11:03:01,587] INFO product: Converted FK field: warranty=182 -> warranty_id=182
[2026-02-02 11:03:01,587] INFO product: Converted FK field: weight=206 -> weight_id=206
[2026-02-02 11:03:01,587] INFO product: Converted FK field: dimensions=186 -> dimensions_id=186
[2026-02-02 11:03:01,587] INFO product: Converted FK field: frame_color=11 -> frame_color_id=11
[2026-02-02 11:03:01,587] INFO product: Converted FK field: lens_diameter=122 -> lens_diameter_id=122
[2026-02-02 11:03:01,587] INFO product: Converted FK field: temple_length=21 -> temple_length_id=21
[2026-02-02 11:03:01,589] INFO product: Converted FK field: bridge_width=91 -> bridge_width_id=91
[2026-02-02 11:03:01,590] INFO product: Converted FK field: frame_shape=1 -> frame_shape_id=1
[2026-02-02 11:03:01,590] INFO product: Converted FK field: frame_material=5 -> frame_material_id=5
[2026-02-02 11:03:01,591] INFO product: Converted FK field: lens_color=9 -> lens_color_id=9
[2026-02-02 11:03:01,591] INFO product: clean_vdata for variant: {'product_type_id': 171, 'selling_price': '6000', 'discount_percentage': '020', 'factory_code': '111', 'warranty_id': 182, 'weight_id': 206, 'dimensions_id': 186, 'frame_color_id': 11, 'lens_diameter_id': 122, 'temple_length_id': 21, 'bridge_width_id': 91, 'frame_shape_id': 1, 'frame_material_id': 5, 'lens_color_id': 9}
[2026-02-02 11:03:01,592] INFO product: M2M fields for FrameVariant: []
[2026-02-02 11:03:01,592] INFO product: Creating variant with data: {'product_type_id': 171, 'selling_price': '6000', 'discount_percentage': '020', 'factory_code': '111', 'warranty_id': 182, 'weight_id': 206, 'dimensions_id': 186, 'frame_color_id': 11, 'lens_diameter_id': 122, 'temple_length_id': 21, 'bridge_width_id': 91, 'frame_shape_id': 1, 'frame_material_id': 5, 'lens_color_id': 9}
[2026-02-02 11:15:27,977] INFO product: 📦 ProductSerializer.create called with validated_data keys: dict_keys(['categories', 'variants', 'is_active', 'model', 'main_group', 'name', 'variant_type', 'brand'])
[2026-02-02 11:15:27,984] INFO product: 📦 variants in validated_data: [{'product_type': 172, 'selling_price': '900', 'discount_percentage': '20', 'factory_code': '500', 'warranty': 182, 'weight': 207, 'dimensions': 184, 'frame_color': 9, 'lens_diameter': 121, 'temple_length': 20, 'bridge_width': 92, 'frame_shape': 2, 'frame_material': 5, 'lens_color': 9, 'attributes': [], 'id': ''}]
[2026-02-02 11:15:27,987] INFO product: 📦 variants_data after pop: [{'product_type': 172, 'selling_price': '900', 'discount_percentage': '20', 'factory_code': '500', 'warranty': 182, 'weight': 207, 'dimensions': 184, 'frame_color': 9, 'lens_diameter': 121, 'temple_length': 20, 'bridge_width': 92, 'frame_shape': 2, 'frame_material': 5, 'lens_color': 9, 'attributes': [], 'id': ''}]
[2026-02-02 11:15:28,005] INFO product: ✅ Product created: 18 - husaaa
[2026-02-02 11:15:28,025] INFO product: 🔍 _manage_variants called for product 18 (husaaa)
[2026-02-02 11:15:28,027] INFO product: 📋 variants_data received: [{'product_type': 172, 'selling_price': '900', 'discount_percentage': '20', 'factory_code': '500', 'warranty': 182, 'weight': 207, 'dimensions': 184, 'frame_color': 9, 'lens_diameter': 121, 'temple_length': 20, 'bridge_width': 92, 'frame_shape': 2, 'frame_material': 5, 'lens_color': 9, 'attributes': [], 'id': ''}]
[2026-02-02 11:15:28,044] INFO product: FK fields for FrameVariant: ['images', 'price_rules', 'marketing', 'reviews', 'questions', 'offers', 'stocks', 'stocktransferitem', 'partnerpricelistitem', 'orderitem_variant', 'invoiceitem_variant', 'product', 'product_type', 'warranty', 'weight', 'dimensions', 'productvariant_ptr', 'frame_color', 'lens_diameter', 'temple_length', 'bridge_width', 'frame_shape', 'frame_material', 'lens_color']
[2026-02-02 11:15:28,044] INFO product: Converted FK field: product_type=172 -> product_type_id=172
[2026-02-02 11:15:28,045] INFO product: Converted FK field: warranty=182 -> warranty_id=182
[2026-02-02 11:15:28,045] INFO product: Converted FK field: weight=207 -> weight_id=207
[2026-02-02 11:15:28,045] INFO product: Converted FK field: dimensions=184 -> dimensions_id=184
[2026-02-02 11:15:28,045] INFO product: Converted FK field: frame_color=9 -> frame_color_id=9
[2026-02-02 11:15:28,045] INFO product: Converted FK field: lens_diameter=121 -> lens_diameter_id=121
[2026-02-02 11:15:28,046] INFO product: Converted FK field: temple_length=20 -> temple_length_id=20
[2026-02-02 11:15:28,046] INFO product: Converted FK field: bridge_width=92 -> bridge_width_id=92
[2026-02-02 11:15:28,046] INFO product: Converted FK field: frame_shape=2 -> frame_shape_id=2
[2026-02-02 11:15:28,047] INFO product: Converted FK field: frame_material=5 -> frame_material_id=5
[2026-02-02 11:15:28,047] INFO product: Converted FK field: lens_color=9 -> lens_color_id=9
[2026-02-02 11:15:28,048] INFO product: clean_vdata for variant: {'product_type_id': 172, 'selling_price': '900', 'discount_percentage': '20', 'factory_code': '500', 'warranty_id': 182, 'weight_id': 207, 'dimensions_id': 184, 'frame_color_id': 9, 'lens_diameter_id': 121, 'temple_length_id': 20, 'bridge_width_id': 92, 'frame_shape_id': 2, 'frame_material_id': 5, 'lens_color_id': 9}
[2026-02-02 11:15:28,049] INFO product: M2M fields for FrameVariant: []
[2026-02-02 11:15:28,049] INFO product: Creating variant with data: {'product_type_id': 172, 'selling_price': '900', 'discount_percentage': '20', 'factory_code': '500', 'warranty_id': 182, 'weight_id': 207, 'dimensions_id': 184, 'frame_color_id': 9, 'lens_diameter_id': 121, 'temple_length_id': 20, 'bridge_width_id': 92, 'frame_shape_id': 2, 'frame_material_id': 5, 'lens_color_id': 9}
[2026-02-02 13:31:10,584] INFO product: 🔍 _manage_variants called for product 17 (Ray Ban 5466)
[2026-02-02 13:31:10,588] INFO product: 📋 variants_data received: [{'id': 13, 'product_type': 171, 'selling_price': '6000.00', 'discount_percentage': '20.00', 'factory_code': '111', 'warranty': 182, 'weight': 206, 'dimensions': 186, 'frame_color': 11, 'lens_diameter': 122, 'temple_length': 21, 'bridge_width': 91, 'frame_shape': 1, 'frame_material': 6, 'lens_color': 9, 'attributes': ''}]
[2026-02-02 13:31:10,589] INFO product: FK fields for FrameVariant: ['images', 'price_rules', 'marketing', 'reviews', 'questions', 'offers', 'stocks', 'stocktransferitem', 'partnerpricelistitem', 'orderitem_variant', 'invoiceitem_variant', 'product', 'product_type', 'warranty', 'weight', 'dimensions', 'productvariant_ptr', 'frame_color', 'lens_diameter', 'temple_length', 'bridge_width', 'frame_shape', 'frame_material', 'lens_color']
[2026-02-02 13:31:10,590] INFO product: Converted FK field: product_type=171 -> product_type_id=171
[2026-02-02 13:31:10,590] INFO product: Converted FK field: warranty=182 -> warranty_id=182
[2026-02-02 13:31:10,590] INFO product: Converted FK field: weight=206 -> weight_id=206
[2026-02-02 13:31:10,590] INFO product: Converted FK field: dimensions=186 -> dimensions_id=186
[2026-02-02 13:31:10,590] INFO product: Converted FK field: frame_color=11 -> frame_color_id=11
[2026-02-02 13:31:10,591] INFO product: Converted FK field: lens_diameter=122 -> lens_diameter_id=122
[2026-02-02 13:31:10,591] INFO product: Converted FK field: temple_length=21 -> temple_length_id=21
[2026-02-02 13:31:10,592] INFO product: Converted FK field: bridge_width=91 -> bridge_width_id=91
[2026-02-02 13:31:10,592] INFO product: Converted FK field: frame_shape=1 -> frame_shape_id=1
[2026-02-02 13:31:10,594] INFO product: Converted FK field: frame_material=6 -> frame_material_id=6
[2026-02-02 13:31:10,594] INFO product: Converted FK field: lens_color=9 -> lens_color_id=9
[2026-02-02 13:31:10,595] INFO product: clean_vdata for variant: {'id': 13, 'product_type_id': 171, 'selling_price': '6000.00', 'discount_percentage': '20.00', 'factory_code': '111', 'warranty_id': 182, 'weight_id': 206, 'dimensions_id': 186, 'frame_color_id': 11, 'lens_diameter_id': 122, 'temple_length_id': 21, 'bridge_width_id': 91, 'frame_shape_id': 1, 'frame_material_id': 6, 'lens_color_id': 9}
[2026-02-02 13:31:35,739] INFO product: 🔍 _manage_variants called for product 17 (Ray Ban 5466)
[2026-02-02 13:31:35,740] INFO product: 📋 variants_data received: [{'id': 13, 'product_type': 171, 'selling_price': '6000.00', 'discount_percentage': '20.00', 'factory_code': '111', 'warranty': 182, 'weight': 206, 'dimensions': 186, 'frame_color': 11, 'lens_diameter': 122, 'temple_length': 21, 'bridge_width': 91, 'frame_shape': 1, 'frame_material': 6, 'lens_color': 9, 'attributes': ''}]
[2026-02-02 13:31:35,741] INFO product: FK fields for FrameVariant: ['images', 'price_rules', 'marketing', 'reviews', 'questions', 'offers', 'stocks', 'stocktransferitem', 'partnerpricelistitem', 'orderitem_variant', 'invoiceitem_variant', 'product', 'product_type', 'warranty', 'weight', 'dimensions', 'productvariant_ptr', 'frame_color', 'lens_diameter', 'temple_length', 'bridge_width', 'frame_shape', 'frame_material', 'lens_color']
[2026-02-02 13:31:35,741] INFO product: Converted FK field: product_type=171 -> product_type_id=171
[2026-02-02 13:31:35,741] INFO product: Converted FK field: warranty=182 -> warranty_id=182
[2026-02-02 13:31:35,741] INFO product: Converted FK field: weight=206 -> weight_id=206
[2026-02-02 13:31:35,741] INFO product: Converted FK field: dimensions=186 -> dimensions_id=186
[2026-02-02 13:31:35,742] INFO product: Converted FK field: frame_color=11 -> frame_color_id=11
[2026-02-02 13:31:35,742] INFO product: Converted FK field: lens_diameter=122 -> lens_diameter_id=122
[2026-02-02 13:31:35,742] INFO product: Converted FK field: temple_length=21 -> temple_length_id=21
[2026-02-02 13:31:35,742] INFO product: Converted FK field: bridge_width=91 -> bridge_width_id=91
[2026-02-02 13:31:35,742] INFO product: Converted FK field: frame_shape=1 -> frame_shape_id=1
[2026-02-02 13:31:35,742] INFO product: Converted FK field: frame_material=6 -> frame_material_id=6
[2026-02-02 13:31:35,742] INFO product: Converted FK field: lens_color=9 -> lens_color_id=9
[2026-02-02 13:31:35,743] INFO product: clean_vdata for variant: {'id': 13, 'product_type_id': 171, 'selling_price': '6000.00', 'discount_percentage': '20.00', 'factory_code': '111', 'warranty_id': 182, 'weight_id': 206, 'dimensions_id': 186, 'frame_color_id': 11, 'lens_diameter_id': 122, 'temple_length_id': 21, 'bridge_width_id': 91, 'frame_shape_id': 1, 'frame_material_id': 6, 'lens_color_id': 9}
[2026-02-02 13:31:49,570] INFO product: 🔍 _manage_variants called for product 17 (Ray Ban 5466)
[2026-02-02 13:31:49,571] INFO product: 📋 variants_data received: [{'id': 13, 'product_type': 171, 'selling_price': '6000.00', 'discount_percentage': '20.00', 'factory_code': '111', 'warranty': 182, 'weight': 206, 'dimensions': 186, 'frame_color': 11, 'lens_diameter': 122, 'temple_length': 21, 'bridge_width': 91, 'frame_shape': 1, 'frame_material': 6, 'lens_color': 10, 'attributes': ''}]
[2026-02-02 13:31:49,573] INFO product: FK fields for FrameVariant: ['images', 'price_rules', 'marketing', 'reviews', 'questions', 'offers', 'stocks', 'stocktransferitem', 'partnerpricelistitem', 'orderitem_variant', 'invoiceitem_variant', 'product', 'product_type', 'warranty', 'weight', 'dimensions', 'productvariant_ptr', 'frame_color', 'lens_diameter', 'temple_length', 'bridge_width', 'frame_shape', 'frame_material', 'lens_color']
[2026-02-02 13:31:49,574] INFO product: Converted FK field: product_type=171 -> product_type_id=171
[2026-02-02 13:31:49,574] INFO product: Converted FK field: warranty=182 -> warranty_id=182
[2026-02-02 13:31:49,574] INFO product: Converted FK field: weight=206 -> weight_id=206
[2026-02-02 13:31:49,575] INFO product: Converted FK field: dimensions=186 -> dimensions_id=186
[2026-02-02 13:31:49,575] INFO product: Converted FK field: frame_color=11 -> frame_color_id=11
[2026-02-02 13:31:49,575] INFO product: Converted FK field: lens_diameter=122 -> lens_diameter_id=122
[2026-02-02 13:31:49,575] INFO product: Converted FK field: temple_length=21 -> temple_length_id=21
[2026-02-02 13:31:49,575] INFO product: Converted FK field: bridge_width=91 -> bridge_width_id=91
[2026-02-02 13:31:49,575] INFO product: Converted FK field: frame_shape=1 -> frame_shape_id=1
[2026-02-02 13:31:49,575] INFO product: Converted FK field: frame_material=6 -> frame_material_id=6
[2026-02-02 13:31:49,575] INFO product: Converted FK field: lens_color=10 -> lens_color_id=10
[2026-02-02 13:31:49,576] INFO product: clean_vdata for variant: {'id': 13, 'product_type_id': 171, 'selling_price': '6000.00', 'discount_percentage': '20.00', 'factory_code': '111', 'warranty_id': 182, 'weight_id': 206, 'dimensions_id': 186, 'frame_color_id': 11, 'lens_diameter_id': 122, 'temple_length_id': 21, 'bridge_width_id': 91, 'frame_shape_id': 1, 'frame_material_id': 6, 'lens_color_id': 10}
[2026-02-02 13:41:25,112] INFO product: 🔍 _manage_variants called for product 17 (Ray Ban 5466)
[2026-02-02 13:41:25,114] INFO product: 📋 variants_data received: [{'id': 13, 'product_type': 171, 'selling_price': '6000.00', 'discount_percentage': '20.00', 'factory_code': '111', 'warranty': 182, 'weight': 206, 'dimensions': 186, 'frame_color': 11, 'lens_diameter': 122, 'temple_length': 21, 'bridge_width': 91, 'frame_shape': 1, 'frame_material': 6, 'lens_color': 10, 'attributes': ''}]
[2026-02-02 13:41:25,117] INFO product: FK fields for FrameVariant: ['images', 'price_rules', 'marketing', 'reviews', 'questions', 'offers', 'stocks', 'stocktransferitem', 'partnerpricelistitem', 'orderitem_variant', 'invoiceitem_variant', 'product', 'product_type', 'warranty', 'weight', 'dimensions', 'productvariant_ptr', 'frame_color', 'lens_diameter', 'temple_length', 'bridge_width', 'frame_shape', 'frame_material', 'lens_color']
[2026-02-02 13:41:25,121] INFO product: Converted FK field: product_type=171 -> product_type_id=171
[2026-02-02 13:41:25,123] INFO product: Converted FK field: warranty=182 -> warranty_id=182
[2026-02-02 13:41:25,134] INFO product: Converted FK field: weight=206 -> weight_id=206
[2026-02-02 13:41:25,135] INFO product: Converted FK field: dimensions=186 -> dimensions_id=186
[2026-02-02 13:41:25,135] INFO product: Converted FK field: frame_color=11 -> frame_color_id=11
[2026-02-02 13:41:25,137] INFO product: Converted FK field: lens_diameter=122 -> lens_diameter_id=122
[2026-02-02 13:41:25,140] INFO product: Converted FK field: temple_length=21 -> temple_length_id=21
[2026-02-02 13:41:25,140] INFO product: Converted FK field: bridge_width=91 -> bridge_width_id=91
[2026-02-02 13:41:25,143] INFO product: Converted FK field: frame_shape=1 -> frame_shape_id=1
[2026-02-02 13:41:25,153] INFO product: Converted FK field: frame_material=6 -> frame_material_id=6
[2026-02-02 13:41:25,161] INFO product: Converted FK field: lens_color=10 -> lens_color_id=10
[2026-02-02 13:41:25,163] INFO product: clean_vdata for variant: {'id': 13, 'product_type_id': 171, 'selling_price': '6000.00', 'discount_percentage': '20.00', 'factory_code': '111', 'warranty_id': 182, 'weight_id': 206, 'dimensions_id': 186, 'frame_color_id': 11, 'lens_diameter_id': 122, 'temple_length_id': 21, 'bridge_width_id': 91, 'frame_shape_id': 1, 'frame_material_id': 6, 'lens_color_id': 10}
[2026-02-02 13:46:18,115] INFO product: Converted product ID 17 to instance
[2026-02-02 13:46:18,116] INFO product: Creating variant for product 17, variant_type: frames
[2026-02-02 13:46:18,116] INFO product: Using model class: FrameVariant
[2026-02-02 13:46:18,116] INFO product: M2M fields for FrameVariant: []
[2026-02-02 13:46:18,116] INFO product: ForeignKey fields for FrameVariant: ['product', 'product_type', 'warranty', 'weight', 'dimensions', 'productvariant_ptr', 'frame_color', 'lens_diameter', 'temple_length', 'bridge_width', 'frame_shape', 'frame_material', 'lens_color']
[2026-02-02 13:46:18,121] INFO product: 📋 validated_data before conversion: {'product': <Product: Ray Ban 5466>, 'product_type': 172, 'selling_price': '500', 'discount_percentage': '20', 'factory_code': '554666'}
[2026-02-02 13:46:18,124] INFO product:   Processing: product=Ray Ban 5466 (type: Product)
[2026-02-02 13:46:18,125] INFO product:   ➡️  Kept as-is: product=Ray Ban 5466
[2026-02-02 13:46:18,125] INFO product:   Processing: product_type=172 (type: int)
[2026-02-02 13:46:18,140] INFO product:   ✅ Converted FK: product_type=172 → Product Type: Frames Spectacle Glasses
[2026-02-02 13:46:18,140] INFO product:   Processing: selling_price=500 (type: str)
[2026-02-02 13:46:18,141] INFO product:   ➡️  Kept as-is: selling_price=500
[2026-02-02 13:46:18,141] INFO product:   Processing: discount_percentage=20 (type: str)
[2026-02-02 13:46:18,141] INFO product:   ➡️  Kept as-is: discount_percentage=20
[2026-02-02 13:46:18,141] INFO product:   Processing: factory_code=554666 (type: str)
[2026-02-02 13:46:18,141] INFO product:   ➡️  Kept as-is: factory_code=554666
[2026-02-02 13:46:18,141] INFO product: Creating FrameVariant with data: dict_keys(['product', 'product_type', 'selling_price', 'discount_percentage', 'factory_code'])
[2026-02-02 13:46:18,142] INFO product: Full create_data: {'product': <Product: Ray Ban 5466>, 'product_type': <AttributeValue: Product Type: Frames Spectacle Glasses>, 'selling_price': '500', 'discount_percentage': '20', 'factory_code': '554666'}
[2026-02-02 13:46:46,238] INFO product: Converted product ID 17 to instance
[2026-02-02 13:46:46,238] INFO product: Creating variant for product 17, variant_type: frames
[2026-02-02 13:46:46,238] INFO product: Using model class: FrameVariant
[2026-02-02 13:46:46,240] INFO product: M2M fields for FrameVariant: []
[2026-02-02 13:46:46,241] INFO product: ForeignKey fields for FrameVariant: ['product', 'product_type', 'warranty', 'weight', 'dimensions', 'productvariant_ptr', 'frame_color', 'lens_diameter', 'temple_length', 'bridge_width', 'frame_shape', 'frame_material', 'lens_color']
[2026-02-02 13:46:46,247] INFO product: 📋 validated_data before conversion: {'product': <Product: Ray Ban 5466>, 'product_type': 172, 'selling_price': '500', 'discount_percentage': '20', 'factory_code': '554666', 'dimensions': 184, 'frame_color': 10, 'lens_diameter': 121, 'temple_length': 25, 'bridge_width': 92, 'frame_shape': 2, 'frame_material': 5, 'lens_color': 9}
[2026-02-02 13:46:46,248] INFO product:   Processing: product=Ray Ban 5466 (type: Product)
[2026-02-02 13:46:46,248] INFO product:   ➡️  Kept as-is: product=Ray Ban 5466
[2026-02-02 13:46:46,248] INFO product:   Processing: product_type=172 (type: int)
[2026-02-02 13:46:46,263] INFO product:   ✅ Converted FK: product_type=172 → Product Type: Frames Spectacle Glasses
[2026-02-02 13:46:46,263] INFO product:   Processing: selling_price=500 (type: str)
[2026-02-02 13:46:46,264] INFO product:   ➡️  Kept as-is: selling_price=500
[2026-02-02 13:46:46,264] INFO product:   Processing: discount_percentage=20 (type: str)
[2026-02-02 13:46:46,264] INFO product:   ➡️  Kept as-is: discount_percentage=20
[2026-02-02 13:46:46,264] INFO product:   Processing: factory_code=554666 (type: str)
[2026-02-02 13:46:46,264] INFO product:   ➡️  Kept as-is: factory_code=554666
[2026-02-02 13:46:46,264] INFO product:   Processing: dimensions=184 (type: int)
[2026-02-02 13:46:46,273] INFO product:   ✅ Converted FK: dimensions=184 → Dimensions: Dimensions 30MM-140MM-150MM
[2026-02-02 13:46:46,275] INFO product:   Processing: frame_color=10 (type: int)
[2026-02-02 13:46:46,290] INFO product:   ✅ Converted FK: frame_color=10 → Color: Red
[2026-02-02 13:46:46,292] INFO product:   Processing: lens_diameter=121 (type: int)
[2026-02-02 13:46:46,302] INFO product:   ✅ Converted FK: lens_diameter=121 → Diameter: 56MM
[2026-02-02 13:46:46,303] INFO product:   Processing: temple_length=25 (type: int)
[2026-02-02 13:46:46,323] INFO product:   ✅ Converted FK: temple_length=25 → Length: 140
[2026-02-02 13:46:46,324] INFO product:   Processing: bridge_width=92 (type: int)
[2026-02-02 13:46:46,350] INFO product:   ✅ Converted FK: bridge_width=92 → Width: 60MM
[2026-02-02 13:46:46,350] INFO product:   Processing: frame_shape=2 (type: int)
[2026-02-02 13:46:46,364] INFO product:   ✅ Converted FK: frame_shape=2 → Shape: Round
[2026-02-02 13:46:46,365] INFO product:   Processing: frame_material=5 (type: int)
[2026-02-02 13:46:46,377] INFO product:   ✅ Converted FK: frame_material=5 → Material: Plastic
[2026-02-02 13:46:46,378] INFO product:   Processing: lens_color=9 (type: int)
[2026-02-02 13:46:46,388] INFO product:   ✅ Converted FK: lens_color=9 → Color: Green
[2026-02-02 13:46:46,389] INFO product: Creating FrameVariant with data: dict_keys(['product', 'product_type', 'selling_price', 'discount_percentage', 'factory_code', 'dimensions', 'frame_color', 'lens_diameter', 'temple_length', 'bridge_width', 'frame_shape', 'frame_material', 'lens_color'])
[2026-02-02 13:46:46,390] INFO product: Full create_data: {'product': <Product: Ray Ban 5466>, 'product_type': <AttributeValue: Product Type: Frames Spectacle Glasses>, 'selling_price': '500', 'discount_percentage': '20', 'factory_code': '554666', 'dimensions': <AttributeValue: Dimensions: Dimensions 30MM-140MM-150MM>, 'frame_color': <AttributeValue: Color: Red>, 'lens_diameter': <AttributeValue: Diameter: 56MM>, 'temple_length': <AttributeValue: Length: 140>, 'bridge_width': <AttributeValue: Width: 60MM>, 'frame_shape': <AttributeValue: Shape: Round>, 'frame_material': <AttributeValue: Material: Plastic>, 'lens_color': <AttributeValue: Color: Green>}
